	CDC20_ENSG00000117399	DDB2_ENSG00000134574	EDA2R_ENSG00000131080	MDM2_ENSG00000135679	MYBL2_ENSG00000101057	RPS27L_ENSG00000185088	UBE2C_ENSG00000175063	ABCA4_ENSG00000198691	ABCC4_ENSG00000125257	ABHD14A-ACY1_ENSG00000114786	ABI3BP_ENSG00000154175	ACAT1_ENSG00000075239	ACER1_ENSG00000167769	ACTL6A_ENSG00000136518	ADAM11_ENSG00000073670	ADAM15_ENSG00000143537	ADAM22_ENSG00000008277	ADAP1_ENSG00000105963	ADARB1_ENSG00000197381	ADCY9_ENSG00000162104	ADH5_ENSG00000197894	ADNP2_ENSG00000101544	AGAP4_ENSG00000188234	AK4_ENSG00000162433	AK8_ENSG00000165695	AKNA_ENSG00000106948	AKR1C2_ENSG00000151632	AKT3_ENSG00000117020	AKTIP_ENSG00000166971	ALDH3A1_ENSG00000108602	ALS2_ENSG00000003393	AMY1C_ENSG00000187733	ANKRD23_ENSG00000163126	ANKRD36_ENSG00000135976	ANKS1B_ENSG00000185046	ANXA3_ENSG00000138772	AP2A2_ENSG00000183020	AP5Z1_ENSG00000242802	APOL6_ENSG00000221963	APPL1_ENSG00000157500	ARHGAP21_ENSG00000107863	ARHGAP42_ENSG00000165895	ARHGAP9_ENSG00000123329	ARHGEF10L_ENSG00000074964	ARL8B_ENSG00000134108	ARPP19_ENSG00000128989	ASS1_ENSG00000130707	ATAD2B_ENSG00000119778	ATL2_ENSG00000119787	ATRNL1_ENSG00000107518	AVPR1A_ENSG00000166148	B3GALT1_ENSG00000172318	B3GALT4_ENSG00000235863	BANP_ENSG00000172530	BCL2L2-PABPN1_ENSG00000258643	BFSP1_ENSG00000125864	C16orf46_ENSG00000166455	C17orf77_ENSG00000182352	C1RL_ENSG00000139178	C22orf15_ENSG00000169314	C5orf58_ENSG00000234511	CA3_ENSG00000164879	CABP2_ENSG00000167791	CACNG3_ENSG00000006116	CAPZA2_ENSG00000198898	CARD11_ENSG00000198286	CARD8_ENSG00000105483	CBWD3_ENSG00000196873	CCDC172_ENSG00000182645	CCL22_ENSG00000102962	CCZ1B_ENSG00000146574	CD164L2_ENSG00000174950	CDC40_ENSG00000168438	CDR2_ENSG00000140743	CDY2A_ENSG00000182415	CENPB_ENSG00000125817	CENPJ_ENSG00000151849	CERS1_ENSG00000223802	CES5A_ENSG00000159398	CHCHD7_ENSG00000170791	CHD5_ENSG00000116254	CHDH_ENSG00000016391	CHMP3_ENSG00000115561	CHMP4B_ENSG00000101421	CHRNA3_ENSG00000080644	CIPC_ENSG00000198894	CMSS1_ENSG00000184220	CMTM2_ENSG00000140932	CNN1_ENSG00000130176	CNOT6_ENSG00000113300	CNPPD1_ENSG00000115649	CNP_ENSG00000173786	CNST_ENSG00000162852	CNTN4_ENSG00000144619	COL15A1_ENSG00000204291	CORO1B_ENSG00000172725	COX5B_ENSG00000135940	COX7A1_ENSG00000161281	COX7C_ENSG00000127184	CPSF4_ENSG00000160917
TCGA-19-1787-01	132.78875188039825	25.399764252099047	1.679977017469785	48.51874287622534	34.90976340490527	96.18133196288682	180.7299779031723	0.1700037656548274	19.75063258400315	0.6200149910276705	9.460048001953142	81.89947988166941	0.0199995176441048	42.898829237943325	0.4200022941375064	60.84118247870836	8.910078188525803	13.220372092058808	6.250056316568326	5.789949837759516	77.39032742546541	14.920286254657045	5.58997541085783	23.81072115639345	3.520036054252604	12.48033199288519	0.2199972005936865	10.120140752076605	25.91012948673622	9.600101962083476	10.59979090172886	-1.0892982836704576e-08	1.3299902472237433	1.5600318790307848	9.699774935670192	1.0500271956803806	47.74142690110817	23.549732048423795	7.410163226811052	18.760457446652296	41.06862872201295	4.599848655822311	15.189526825801533	32.63064924953197	47.75135569196926	91.44828594226792	42.05967214679954	1.4400296299387756	19.38979435000625	0.2000045410595679	0.2599960720976136	0.370002290777625	3.0599935396453355	18.17042934807324	0.4599876480687464	2.300062229393785	2.700011907444717	-1.0892982836704576e-08	12.299968469708151	0.4000071874053119	0.2000045410595679	0.599984629986704	-1.0892982836704576e-08	0.0099996391023943	134.2882490821354	3.119981920694814	13.719869464111984	23.34979882655699	-1.0892982836704576e-08	0.2999926159788371	58.411288368118136	0.0199995176441048	7.899806891562981	14.040255159439242	-1.0892982836704576e-08	99.67677777225266	4.120015814480298	246.2182927864181	0.2199972005936865	24.059588085817232	0.0899993468124429	6.009979083919686	53.28926122539821	117.5627929364028	0.0299997415975628	18.1301684952323	29.219318532046604	1.8600283075878847	2.23993375269641	12.940204526755828	61.71189204812484	227.11727712693929	8.210239411142949	0.2300056431117058	3.209949554863814	61.75040256434565	296.830419793772	5.230047970196154	807.2088674279969	125.37348808724406
TCGA-44-6778-01	32.34017074579186	18.79039153941845	1.1999699057263682	40.909520855070696	34.36952539255581	84.91708899821836	77.04242846318913	0.279991812670302	10.839805112641182	0.4500002067619866	64.38164756874666	40.92937557999764	0.060001985048514	46.82052437082406	0.0499985486239811	63.45127562177943	3.990137548495556	8.439918531689925	10.49014327916173	6.559928504902855	92.57074421377398	11.540029355766617	7.690153573491691	14.160478600355871	0.760016690419679	33.39955105697341	334.62366979469215	15.810474418136147	23.80082019895209	2.109961109530594	10.890267830991656	19.369643815637293	1.0299683187947888	3.6500210837339018	1.7199438181580826	30.68056141981204	43.20021552392786	16.73983983454159	24.35997550130292	15.740487823099722	18.319665432502727	2.7399955766871456	22.95978401882124	14.279751543567626	43.54897543685609	54.04065679512205	44.90075720446726	4.720024598492897	24.76003989667824	0.2000045410595679	0.0899993468124429	0.2000045410595679	6.4298079259452114	11.000283918658564	2.160001389747634	1.369972848999533	2.510066089792934	-1.0892982836704576e-08	20.179639677470195	0.1200017652742898	1.4700028074304168	2.0499609167707646	-1.0892982836704576e-08	-1.0892982836704576e-08	105.79930674400894	8.079810491027574	33.81888854089401	23.94976778868305	-1.0892982836704576e-08	3.620029674969686	27.75061834399948	0.5399998128169408	11.6501463278988	12.76026992954022	-1.0892982836704576e-08	43.89142273854853	3.979914813705257	0.7500079057650569	-1.0892982836704576e-08	34.75041940231341	1.099988958039587	1.6699864098582082	78.39999180322027	107.6934430777222	0.2999926159788371	13.890206473307252	21.34953032167444	1.5899626865577787	5.939976162925084	13.5798323696029	53.500224269646246	38.23076765618657	9.829739875923888	2.129954811483401	5.58997541085783	63.68922219648532	107.67105097608182	34.801040717394564	420.97669919637497	26.450910129151847
TCGA-F4-6854-01	71.31233654494395	14.520312990907106	0.5000060742414588	16.32953329888845	73.3884103110249	79.37879877233031	218.19789721159145	0.060001985048514	8.349716571747917	1.0900369787029571	3.7698767573548433	40.70868067581095	0.0299997415975628	52.858834393423145	0.1200017652742898	116.2017176957316	0.3800097970829733	132.06360065388657	5.270085158055888	6.960026175879852	130.50750342376836	5.429932754481593	3.530056730882022	20.21043709104416	0.5300059750860837	19.53008240599645	2.709952809689756	3.239912341672036	23.61020882301329	1.4999750542458536	4.460101583452564	0.0199995176441048	2.020042976142629	1.2700316893056665	0.409997065989814	141.54233432128885	47.37879331477765	38.67053162952165	13.820094855004369	11.899910099476042	19.70960289289868	2.900099948450757	4.5299073805081855	45.06913917690847	30.62956343979636	15.50978717360337	607.9452639397673	2.329920823549805	22.62955404146689	0.1200017652742898	0.1899941029442881	0.1800048174105189	2.619968473111358	11.21977174281429	8.56012268153502	0.5700147825599464	1.2299737523187162	0.1499978591232875	11.260288478254113	0.0499985486239811	0.1200017652742898	1.1999699057263682	-1.0892982836704576e-08	-1.0892982836704576e-08	124.4902038970062	1.4099824073573504	12.259959681662266	19.91974917692922	-1.0892982836704576e-08	1.53002729151019	30.559579597661862	0.2199972005936865	9.320098578618316	29.209193296014885	-1.0892982836704576e-08	30.938972298799	6.369912397641938	0.2300056431117058	-1.0892982836704576e-08	49.73091223618773	0.1200017652742898	24.51072310416282	93.20171007971636	328.055387160585	1.6100485820975006	5.5799085257746	42.72078435440027	0.1099975701524568	71.89800996169681	10.900086281054149	67.47020393725793	57.8391745120695	6.559928504902855	0.7899728059120321	22.290163256780342	168.87260010418225	369.260745288582	15.650185139741604	836.7183563435751	35.71008345340811
TCGA-05-4420-01	60.12012081488559	13.5798323696029	0.0499985486239811	29.15053607692298	51.409815792450175	63.91919923745763	127.51195336103098	0.4599876480687464	11.75968347440022	1.2200311451655264	0.7500079057650569	66.00841924076366	0.0299997415975628	59.97860017095774	0.060001985048514	153.91506385896673	0.319989942599089	26.170051771902944	1.4299765200229126	2.5400063839842084	93.53176942237342	9.000091764025788	4.489885688294433	8.400226714500446	1.2299737523187162	4.679945604067229	7.61007375180221	1.3199721036446743	23.460120291475008	0.6900203008692773	5.160176613707304	0.2999926159788371	0.8000143535812515	1.0700308231914548	0.0499985486239811	63.57895102190948	34.04940375307368	17.859493020429483	2.870092874910106	11.75968347440022	11.269659251338618	0.969970924342351	4.729851907278191	3.829944167613955	37.43877863991776	60.76110730320611	95.43092043405926	2.779992781596899	91.46730426398835	0.0199995176441048	0.7399766574552298	0.0099996391023943	17.220035626401287	12.170204132487353	4.900081032895244	1.2500157909148952	1.2200311451655264	-1.0892982836704576e-08	33.339411370335874	0.1499978591232875	2.529986829300426	0.2599960720976136	-1.0892982836704576e-08	-1.0892982836704576e-08	133.56416696611473	1.2299737523187162	5.859809724740107	13.970354603204203	-1.0892982836704576e-08	0.3399896842354512	37.49071718666711	1.880000197056386	6.40978044294621	13.809560813193356	-1.0892982836704576e-08	45.16921889551011	3.180043278365055	1.169966660228584	-1.0892982836704576e-08	33.54107417654834	0.0899993468124429	1.8600283075878847	59.25954544174875	158.71458613924892	0.4400151127009332	6.729902692357638	23.84044874686399	4.8800786553700926	5.119909276097569	5.810054559227364	26.39047355552261	42.15014744923838	6.060185515590479	0.7200144109086911	5.930101248820002	85.41888200512766	296.27542006935454	18.73057103794976	520.6237184304032	32.130134145953704
TCGA-R6-A8WC-01	65.22159783136897	18.79039153941845	0.1499978591232875	65.05904882714086	90.74738101455029	79.6488643711662	109.27251786585128	0.0099996391023943	21.469739848779888	1.3399914139149067	0.3600073211340893	26.9693062785596	-1.0892982836704576e-08	77.707472601283	0.1700037656548274	90.00816479443962	3.019945171125652	77.41178783253396	6.260029939363821	11.460309642830351	70.06778622128522	13.34004711116041	17.40002035869728	13.640212698704588	0.4700003379150708	23.979668971029376	21.180017639555366	1.4099824073573504	13.980042165321336	8.68023321696654	7.839795322734965	-1.0892982836704576e-08	2.6099955521295404	7.709903964266841	0.1099975701524568	68.80202066638255	43.0000505105234	26.87040777421249	49.29846208226392	43.73956649202504	45.4707934080261	7.6699220443245775	1.790043031685128	54.92053337189642	63.61862663350188	84.20785248669193	321.7944238775881	8.040139731681062	61.14134584606286	0.0800019247705772	0.2999926159788371	0.0099996391023943	3.580093035897317	17.079756882914968	4.539968408584257	2.459923822338021	1.9900093553412344	3.139947872346528	17.689464201087752	0.920017197435768	0.0499985486239811	2.23993375269641	-1.0892982836704576e-08	-1.0892982836704576e-08	109.47721445388044	24.949554963562345	9.320098578618316	41.69103826253296	-1.0892982836704576e-08	0.370002290777625	42.5995455245896	0.2099978202342263	16.090199845722307	17.569702886700927	-1.0892982836704576e-08	36.94893701403815	12.40013274281644	0.2500070864268381	-1.0892982836704576e-08	36.91053936192073	0.0700018290491679	36.57942673324915	81.36194530542849	96.06806224091976	0.5100017014734363	16.899570005629712	31.70974792671927	0.1899941029442881	4.489885688294433	24.959933765719832	39.730187259159656	67.24143203363508	18.57026263013952	0.7699985222046803	7.9102189481313	50.67040756836715	250.95663007421203	3.009910866767091	376.5757187021869	34.510373814222454
TCGA-IN-7808-01	13.759872108404004	19.29058800572412	0.5300059750860837	21.41029276685352	23.35951217047235	117.35111230709056	45.07851222337917	0.1800048174105189	1.5700183152920284	1.2800262155482685	21.41029276685352	11.990165620973574	0.1899941029442881	22.68924057087133	0.2500070864268381	66.86959272648623	0.940021767145367	71.82827256950712	8.139966036129067	3.289940630339549	18.28034105235667	4.309932580174683	7.929984699701295	0.8699730595540054	1.2200311451655264	78.90154882968359	1.7199438181580826	4.829926824499091	7.880116349702895	0.099998095937749	5.129857649651291	-1.0892982836704576e-08	1.7000198776065194	8.589844746444308	0.8000143535812515	32.61934194121521	35.16964773270421	13.02028570250446	16.34992104838738	7.820254342853082	13.6203708701257	1.2800262155482685	49.47990561161007	40.77928633423905	19.340127570647056	32.95113416116562	153.414453261439	4.100068951554375	11.400091149221002	0.0800019247705772	0.6499867118277892	0.1800048174105189	8.68023321696654	10.380190541279068	7.160193250796867	0.599984629986704	0.7200144109086911	0.0400009173779441	38.220169028752736	0.2300056431117058	0.9599944472116856	0.0700018290491679	-1.0892982836704576e-08	0.0299997415975628	19.999996841363345	19.72053580292271	26.170051771902944	23.1307097545681	-1.0892982836704576e-08	5.859809724740107	18.07996784697573	0.0400009173779441	9.060186665649512	14.85012173831581	-1.0892982836704576e-08	43.98888729926748	2.1800154653305155	0.2500070864268381	0.0199995176441048	20.04024181681454	-1.0892982836704576e-08	4.829926824499091	47.23123829275942	66.24217881175838	0.319989942599089	5.07995610298937	5.660169030042495	0.2099978202342263	2.020042976142629	6.40978044294621	27.549374026844923	23.0107691909428	5.329977156198479	1.4800291126283682	11.119887334222566	53.98075590210527	158.02301368237292	6.329853451460043	321.59374004893994	14.440012579423929
TCGA-AX-A3G6-01	234.0047224279517	21.229993818903896	0.0400009173779441	55.52917356081217	138.26474822352208	51.42050748265394	395.8188078036157	0.4000071874053119	4.599848655822311	0.6700071293324552	0.1899941029442881	20.05969939852949	-1.0892982836704576e-08	129.72285573333346	0.3299992836816577	236.1228565449296	0.2700066202855875	15.570111222532732	0.4599876480687464	1.849993719382628	122.31760090843284	3.73993785544238	10.039783885566012	13.449612825277995	1.369972848999533	21.450401465285367	0.5000060742414588	0.2700066202855875	8.870020019766043	1.369972848999533	5.839937712396191	0.1200017652742898	1.460044378545676	2.350041491346973	4.770027493454861	31.639489185301706	25.03964814589473	70.04836172157128	3.969993501761232	14.0704588329026	8.849751764960496	2.510066089792934	6.420008907180841	29.300446873459894	33.42039390553511	22.88034574085003	122.69122345547848	4.399904300292507	21.450401465285367	0.1599963627194711	0.1400032186304041	0.0400009173779441	7.720065757786254	13.259837611172768	1.8199609696227488	1.900054642058397	0.599984629986704	-1.0892982836704576e-08	22.030563860649256	0.0099996391023943	-1.0892982836704576e-08	1.0100119151242848	-1.0892982836704576e-08	-1.0892982836704576e-08	16.829428467261963	0.5899876960796653	9.960065012948952	12.959953931845329	-1.0892982836704576e-08	0.2599960720976136	109.21194055834462	2.700011907444717	10.590242923352392	4.569968890008187	-1.0892982836704576e-08	58.80127225175413	8.309872826381316	0.9900295632640792	-1.0892982836704576e-08	43.14933934354036	0.0099996391023943	1.6499540875848375	80.69918076667486	216.51052319346417	-1.0892982836704576e-08	5.320009576436799	49.29846208226392	0.0700018290491679	0.6799873952481095	8.610114669500408	49.85862060805611	131.81667323286368	4.429900714601728	0.409997065989814	2.0900100558635657	147.870478341678	432.0326876185694	8.439918531689925	1088.5550659972469	44.028544070031415
TCGA-E1-A7YI-01	77.40105688523867	15.690376382791223	0.3299992836816577	53.45944717207842	65.04101285180883	245.84311326030763	238.16109380658463	0.0499985486239811	6.920093524679905	1.140000955679887	3.580093035897317	42.69118213056072	-1.0892982836704576e-08	61.2686200637567	1.6600551797630465	48.478402068250176	12.830340565391417	21.130159100413582	9.859767901461352	8.740010067514138	112.21231009284384	11.839843893710924	12.950075464758534	5.990013149351428	1.2100009526937137	12.719645712596988	2.9999098921309373	36.050815311912935	32.27970093143147	0.1200017652742898	12.139870825048297	-1.0892982836704576e-08	3.960096915900356	2.619968473111358	23.880143273839533	0.9900295632640792	50.9203936751219	26.039766334074244	6.250056316568326	29.389948234100704	167.64799215818317	12.830340565391417	7.540230778308039	30.04914401622388	38.45935035841354	147.0527740084061	6.910026446750082	7.190037833312207	24.28074165009659	5.999987813038719	0.4700003379150708	4.509852148997108	4.199904531671962	20.55945091821722	10.740324528320423	0.4700003379150708	2.9300142862914043	-1.0892982836704576e-08	7.390155876777829	-1.0892982836704576e-08	0.1400032186304041	1.5700183152920284	-1.0892982836704576e-08	0.4900017256210596	102.13162637016598	1.3799872500586805	40.86134232551942	16.910116419089565	-1.0892982836704576e-08	0.0099996391023943	64.76209374573234	-1.0892982836704576e-08	14.549532028811733	19.080464537786963	-1.0892982836704576e-08	112.196755103156	8.670009708628266	84.89943261386264	0.1499978591232875	10.900086281054149	2.350041491346973	4.2700772739439214	73.6023741916049	134.94140787451587	0.5300059750860837	23.29967751992909	46.63913308238435	0.5899876960796653	0.370002290777625	18.91060627454929	63.46887076725079	301.01575889061974	10.790324175832916	1.0200121257071937	1.7500253862255073	78.08002030593862	203.7551789754816	15.410122049720108	712.9207868073859	58.22937481608909
TCGA-DQ-5624-01	29.41032754911959	19.17991980315436	0.5399998128169408	25.399764252099047	29.229447277825887	54.13063278719506	69.4681239968208	0.6400016608422577	2.880060587319219	0.3899890203948566	2.280053050768928	14.059733970853484	0.4700003379150708	54.3788399448736	0.0499985486239811	58.01986906587758	0.1800048174105189	3.860068099487028	5.160176613707304	8.210239411142949	133.58268431339053	9.490262479678988	1.0800250842883663	15.490446976039523	0.6299947907347176	7.509973978523615	44.059073603872726	4.7601167286877	17.759496400146364	5.730052053905268	5.91983233345623	-1.0892982836704576e-08	5.789949837759516	1.0700308231914548	0.0800019247705772	49.73091223618773	20.18943376078352	26.930076614326723	16.44996148073519	7.959725959961012	33.0403333193887	2.160001389747634	5.889948742178803	9.269839597884015	59.92042383580752	30.64018102392085	142.31953216218963	2.109961109530594	37.27047476699058	0.1499978591232875	0.969970924342351	0.0499985486239811	6.250056316568326	10.170073143812802	13.369671342749658	2.0900100558635657	0.969970924342351	-1.0892982836704576e-08	27.260631515820407	0.0700018290491679	0.2199972005936865	5.759923099795211	-1.0892982836704576e-08	-1.0892982836704576e-08	81.99036080618606	3.960096915900356	7.630147435215087	14.649723436729952	-1.0892982836704576e-08	29.66009595186795	15.470058484291648	4.799883741411965	4.120015814480298	8.499808143620223	-1.0892982836704576e-08	46.310545561822806	1.260027729231554	0.3299992836816577	0.0800019247705772	40.05926334655378	-1.0892982836704576e-08	0.1299964844665897	78.43804143186634	195.04897456416128	0.1599963627194711	5.370034543002878	28.050383082113115	0.1899941029442881	4.3498582048881405	10.539708962281129	36.3494167669592	53.831293988438375	5.58997541085783	0.4599876480687464	15.970191044586084	65.66160130157698	140.51591520186386	52.23961587172501	280.4879254936725	15.120192353855783
TCGA-D5-5538-01	35.321119273953485	10.360062140046956	0.709989421554317	17.510126609521702	33.23097198565139	147.14453954655113	79.58815753062068	0.1099975701524568	1.2700316893056665	1.53002729151019	1.299981096880783	42.29941757247232	0.0199995176441048	70.06778622128522	0.0299997415975628	92.37844668829396	0.6900203008692773	72.11762571132473	2.79003458187362	3.299992818734051	140.60360156305336	5.02984241615285	3.73993785544238	11.899910099476042	0.6900203008692773	13.449612825277995	6.440068344229023	3.080002813898563	22.579413494539075	3.800055261709892	5.239847029403076	-1.0892982836704576e-08	1.7700439324827788	1.2700316893056665	0.1299964844665897	81.63875795659159	48.32072325404001	19.83019898833613	13.160025478480923	16.439702037343746	14.880004400391186	2.9999098921309373	7.6699220443245775	29.449087186001467	43.11047445970208	46.950521332030384	292.74385392181546	2.140022563692785	24.250465064166363	0.2199972005936865	0.3600073211340893	0.0099996391023943	7.509973978523615	9.280126991497813	2.100034715603319	3.8499115851066334	1.0800250842883663	1.2399973200906371	11.089865125998772	0.099998095937749	1.0400215976841116	0.4300120174140545	-1.0892982836704576e-08	-1.0892982836704576e-08	111.9093764096006	1.5500014122422203	8.050178640976604	27.570388147548154	-1.0892982836704576e-08	3.16004155278216	23.109875359606946	0.709989421554317	12.650179569992714	24.46998044612429	-1.0892982836704576e-08	43.34118558827012	5.359992066053249	0.5100017014734363	-1.0892982836704576e-08	78.60132053895245	0.0899993468124429	12.340107810595129	91.10031666606248	207.1444038679165	0.969970924342351	6.500172794429115	30.32955516667332	1.9900093553412344	19.870102305294942	10.900086281054149	67.9913250723125	31.420932361879824	7.13987072207072	0.8799914970163208	21.890516602072903	112.54726447605567	224.8304426235745	20.80027420735144	999.3169785440416	16.500210993762103
TCGA-AA-3511-01	50.32039458937685	8.219920829732972	0.2900018036094577	16.899570005629712	52.09858588011511	119.9997822378424	130.69761111393495	0.0499985486239811	2.309972352319177	0.7500079057650569	1.3100293649763324	34.539091509668424	-1.0892982836704576e-08	71.20860771742937	0.0299997415975628	69.57896267809157	0.319989942599089	157.38899238217985	2.3600032050186424	5.420154035757855	75.14893754259249	4.159912643605351	3.279919052884565	13.690418312966347	1.4400296299387756	9.500135874317902	2.280053050768928	2.200062329612713	12.589817040257325	3.169916747623239	4.020127273809565	-1.0892982836704576e-08	1.6499540875848375	1.140000955679887	0.0700018290491679	40.75950441540408	27.549374026844923	26.500461162705456	6.759828260147258	12.090321290956377	13.60998905220357	2.129954811483401	3.5900357111672814	43.73047184254538	19.29058800572412	19.84945264428959	249.967067941	2.440046876340315	17.619708149091394	0.1499978591232875	0.1499978591232875	0.4799970663529716	6.209889928156249	8.379869914300947	1.7199438181580826	3.439933474712796	0.9999708770490776	1.0100119151242848	13.26995235015655	0.0199995176441048	0.1800048174105189	0.4200022941375064	-1.0892982836704576e-08	-1.0892982836704576e-08	106.20342007087751	1.3799872500586805	6.70987088315762	18.38964278215529	-1.0892982836704576e-08	1.099988958039587	45.739492671197816	0.2599960720976136	8.210239411142949	31.610991056307125	-1.0892982836704576e-08	60.24109343692458	7.319793345023426	0.0700018290491679	0.0199995176441048	40.86134232551942	0.1899941029442881	10.800052526946187	62.7906143998924	335.41320988179666	0.5300059750860837	6.520030646956847	26.489441806423624	0.7899728059120321	28.580307275288327	8.900200964678673	55.08065489839258	32.78936373161364	6.889936198801826	0.7399766574552298	32.1190002728976	112.8832186910944	241.60291125592204	19.29058800572412	947.3137252687548	20.889860304487968
TCGA-39-5031-01	102.0679325915445	32.8804040746875	0.409997065989814	38.25992903814972	38.44868836318251	65.93982354287334	76.96236643864655	5.289851772350677	9.929731562493757	0.709989421554317	5.769914673343867	23.409762185412028	0.0299997415975628	184.8860028768556	1.8100168883826453	79.04935300811294	1.7700439324827788	8.489797113992713	10.590242923352392	4.669898191485218	99.85657730301918	7.970216980708337	1.4700028074304168	47.83086038949359	1.600029621312606	7.040095937684312	89.52904460912048	6.350071447453219	17.169974339799953	56.64098814191309	4.700105313679083	22.20996238402366	0.8799914970163208	2.129954811483401	0.2000045410595679	14.649723436729952	22.88034574085003	10.44008692317982	7.419930007826419	8.830141925386787	8.33005960643399	2.190015970056298	8.980148829214354	7.329949157402811	54.63954619572157	32.360352512344534	101.46130284928331	2.05993642236614	21.109663241981128	2.6000605786293223	0.3299992836816577	0.0199995176441048	8.650198431705851	9.55031914909755	6.489816631655909	3.620029674969686	1.1100317151359531	-1.0892982836704576e-08	14.810029301823574	1.0500271956803806	0.3399896842354512	1.40004180084213	-1.0892982836704576e-08	-1.0892982836704576e-08	89.25022094233441	1.7299931312968873	17.500419070841424	17.059641623244808	-1.0892982836704576e-08	4.120015814480298	33.35096827894989	1.6600551797630465	9.030089229349809	11.54963290756829	-1.0892982836704576e-08	66.4998096279866	2.7600174385543035	3.3400463565424205	0.0400009173779441	31.78016267997079	0.1800048174105189	0.8100147172706595	104.37889170221116	94.9097764965855	0.3800097970829733	11.469846858054137	38.1592839145802	0.7699985222046803	12.680029770295636	6.169981630325408	28.75916405155296	42.62908420875546	7.250100652460273	7.110234345453571	5.630034539171575	86.04283962576804	235.97560075429217	26.74961213482312	542.6572095949704	24.84083774796744
TCGA-EI-6512-01	87.40133999833573	13.050104495701108	0.2099978202342263	21.42068411165508	100.32140300057992	135.94595242014194	318.9741004973721	0.0499985486239811	6.579968881434147	0.3499895541428852	2.200062329612713	37.58959901148612	0.0199995176441048	67.54975550497898	-1.0892982836704576e-08	68.7877149678906	0.1700037656548274	77.40105688523867	4.809877285394816	3.720024785004938	97.9575830048958	7.090053593558938	4.090131754989134	16.179676256172264	0.6499867118277892	9.730080466616124	3.510043814991306	1.3899783836430508	19.38038816004394	7.9102189481313	5.909990901826133	-1.0892982836704576e-08	0.8100147172706595	0.8200261054732233	0.0499985486239811	99.51799422286516	32.328964092209894	25.549860963202875	13.190164276289735	9.180309912598869	19.83019898833613	2.2500529613381373	3.969993501761232	36.670820945933	22.27935014039689	32.070057046943695	252.45707268368565	3.600005991637818	20.790183814295816	0.1499978591232875	0.0899993468124429	0.2199972005936865	7.649743734062603	10.360062140046956	2.290035795959514	1.0900369787029571	1.160025774459227	0.7399766574552298	12.46995462921111	0.060001985048514	0.1499978591232875	0.3399896842354512	-1.0892982836704576e-08	-1.0892982836704576e-08	141.04285483220613	1.0200121257071937	11.289989351889718	21.38952519687215	-1.0892982836704576e-08	1.679977017469785	45.12853473550048	0.1400032186304041	12.280373415743496	23.75961050333689	-1.0892982836704576e-08	29.500164540626056	8.429978031436715	0.0800019247705772	0.0299997415975628	33.568985295822046	0.4500002067619866	13.02028570250446	105.09034150057252	465.8097098716639	0.1800048174105189	8.349716571747917	27.209659155856063	0.8799914970163208	6.369912397641938	11.240011855899532	58.7605277451336	40.08981941844404	5.300130292631127	0.5799959451451767	13.180110349485814	118.7668049883242	241.95484818186256	7.069930111995621	846.5774766952604	22.570024517087617
TCGA-HZ-7922-01	17.019482142589453	17.910323009740033	0.9999708770490776	24.03958337214397	14.909947190819723	246.4231774340484	38.64105729804828	0.1599963627194711	5.789949837759516	0.2500070864268381	44.85098716568464	27.23985348273137	0.0199995176441048	54.16065806211599	0.1299964844665897	57.20125039083437	7.630147435215087	36.42003460167053	8.400226714500446	9.85020359398616	105.35290651891891	8.159740119335584	2.870092874910106	36.68098994330809	1.169966660228584	9.490262479678988	50.56865391595848	20.49968200254925	23.11948890140567	1.7399804468410416	7.980168595394142	-1.0892982836704576e-08	0.8699730595540054	2.579946077153642	0.7000066328306926	87.06273455398112	31.249340409421723	7.329949157402811	15.440061185675564	17.739810297649107	38.0694574462965	11.31035612403022	11.0599239664323	15.970191044586084	48.98168660589296	67.70914013558054	144.46638339809428	3.829944167613955	24.06959668417908	0.2500070864268381	1.6100485820975006	0.0499985486239811	14.569717337471658	7.110234345453571	6.789886876897538	1.1500097066493724	2.3600032050186424	-1.0892982836704576e-08	31.37957755431062	0.279991812670302	0.2399991561447902	0.9900295632640792	-1.0892982836704576e-08	0.0099996391023943	111.13635497390828	16.439702037343746	20.61939408776024	17.810041804527803	0.0199995176441048	4.819891631989582	27.760237988866173	0.4799970663529716	11.000283918658564	28.869015959679075	-1.0892982836704576e-08	49.45933136007219	3.800055261709892	1.0700308231914548	0.0199995176441048	43.44043935616021	0.0700018290491679	2.589983808682009	115.14336506321948	199.3131050319741	0.9799829724552516	9.219851611509783	23.0107691909428	1.5600318790307848	85.91768454213785	10.390269400917695	63.59217347576512	55.64862265639154	7.649743734062603	3.930009907894018	85.7510942316217	83.57981955385438	116.71835453698172	44.15997133801659	514.6676157012358	11.089865125998772
TCGA-QG-A5YX-01	92.26965545784331	14.569717337471658	0.0400009173779441	21.34065273190774	50.35877736627947	157.12738341201222	122.45333182908438	-1.0892982836704576e-08	2.3800534390115287	0.5600106252108901	1.19002194862203	34.210275783662055	-1.0892982836704576e-08	61.14134584606286	0.099998095937749	106.2181441503164	1.0100119151242848	69.94162318765046	1.29000984284336	5.449920956482062	117.44876365644912	5.1698447864144255	4.8800786553700926	47.721575512214805	0.5300059750860837	11.899910099476042	14.61017200019187	0.4599876480687464	17.070287925729815	7.410163226811052	5.619895525235751	-1.0892982836704576e-08	1.2299737523187162	4.179860770273614	0.0700018290491679	60.07846246885112	23.58076831569105	14.35020526986468	8.060230083284035	10.57997010232307	23.309370014643854	2.499991232497377	2.190015970056298	47.1004640968476	27.469285511841942	26.199092497720915	843.2392956521801	5.549816496202011	30.650802288457296	0.1299964844665897	0.0499985486239811	2.300062229393785	9.149813477591092	9.730080466616124	4.669898191485218	0.7399766574552298	0.8799914970163208	6.70987088315762	11.329974203405788	0.060001985048514	0.0899993468124429	0.729978054906192	-1.0892982836704576e-08	-1.0892982836704576e-08	84.51191961113717	2.880060587319219	9.880294126014116	16.600020215608325	-1.0892982836704576e-08	1.5400353965807263	48.05018150549291	0.2000045410595679	9.960065012948952	15.000137543313755	-1.0892982836704576e-08	60.27033017527975	8.069734634165945	-1.0892982836704576e-08	-1.0892982836704576e-08	80.18063883688806	0.0099996391023943	10.49014327916173	144.57657627712558	280.3324325231552	0.0800019247705772	11.870250423989342	32.349138865507165	0.1299964844665897	2.980007489564513	9.159967684136944	95.66935191263606	31.89049888413524	7.13987072207072	0.3299992836816577	5.839937712396191	102.30876215733372	615.0234691787919	5.549816496202011	1227.1524947021824	19.66047975184777
TCGA-HC-7742-01	11.129912785679275	9.010079831767952	0.7800030026030508	32.179169054792496	6.759828260147258	96.16133348857586	19.36024740040368	0.0899993468124429	400.2885103656644	0.8000143535812515	7.310158355152319	44.04991252166434	3.4899023466977965	33.69020211086159	0.7200144109086911	104.58167017340912	2.3800534390115287	1.9299355347553644	10.86011264791035	3.889889476209441	167.427347172699	5.730052053905268	3.400096640256784	8.320248482227974	2.840002300993455	5.640191841937558	7.34011905849092	14.579820490194264	18.150287758975267	0.3600073211340893	5.999987813038719	0.0199995176441048	1.0200121257071937	1.0900369787029571	1.40004180084213	42.88990939668505	55.03104365195017	25.50031963369465	6.889936198801826	12.830340565391417	15.380240963651962	0.9099855024038432	1.5099961661941923	13.8603897024014	55.74900386737534	34.22925180392803	47.18869690183187	2.880060587319219	29.590275939502604	0.6900203008692773	1.1500097066493724	0.1599963627194711	12.12977653127073	7.020114229406684	9.02007898277644	1.1500097066493724	2.1499887809147564	0.0099996391023943	23.870213450554083	0.0099996391023943	0.1099975701524568	0.1700037656548274	-1.0892982836704576e-08	-1.0892982836704576e-08	62.09808043409968	0.5000060742414588	8.650198431705851	16.429448992130226	-1.0892982836704576e-08	0.3100029133246172	34.24111716118286	1.9499813677559288	10.729906137835393	21.34953032167444	0.0099996391023943	43.20919989824071	2.850063160287688	1.099988958039587	-1.0892982836704576e-08	36.43013405666647	0.5499907483830857	9.309766879668496	111.80858035919584	159.47549579722966	1.0500271956803806	25.399764252099047	15.990130175553638	0.2599960720976136	818.1934835152925	11.0798757448874	86.46733473080836	101.25053713526198	7.720065757786254	1.8000022704599292	26.710702026749665	219.8069871286944	168.40503155222265	61.51969941688071	897.6432586276203	21.53980110842852
TCGA-64-1679-01	32.42097340725723	10.64028152988083	0.5700147825599464	30.42009123935417	45.31975530937182	113.73932330340094	73.71980911035887	20.609391436997925	6.0799637950152725	0.3100029133246172	14.860419319934415	18.919784469611585	0.0400009173779441	56.68026298634632	0.060001985048514	127.16771640205596	0.4799970663529716	16.41009957159579	11.129912785679275	29.180861296632607	70.97207946662895	6.260029939363821	1.160025774459227	39.34922555080699	0.8799914970163208	12.259959681662266	9.85020359398616	7.419930007826419	17.979983144556922	0.969970924342351	6.209889928156249	138.0062262240189	1.6100485820975006	0.9900295632640792	0.2399991561447902	38.52071423159457	33.171135835698195	15.62958641455088	8.769748693144622	13.829678228895965	26.13923126987005	4.00010918924807	13.449612825277995	21.229993818903896	56.21075682293681	62.421749537769095	195.68544293966409	2.819986965695332	51.43833190767887	0.0499985486239811	1.6900273576081255	-1.0892982836704576e-08	10.350012579498806	10.80978964814308	9.949713668941488	2.769987110486564	1.709952846495472	-1.0892982836704576e-08	26.50964746102053	0.1499978591232875	11.09986351251164	0.0199995176441048	-1.0892982836704576e-08	-1.0892982836704576e-08	138.61019769824193	8.819741876124866	12.10038275313526	5.679823185184588	-1.0892982836704576e-08	9.0702414177411	31.29920063970765	1.140000955679887	12.48033199288519	57.18935675390932	-1.0892982836704576e-08	71.54999875262155	2.0900100558635657	0.8600088668574302	-1.0892982836704576e-08	22.29943581899951	0.0099996391023943	1.4400296299387756	93.11776375262448	317.4301722784979	0.0499985486239811	8.55004062211648	18.17042934807324	0.3100029133246172	22.130050064175435	8.620267558908187	55.81860460193857	61.2813620478417	9.799803291775843	0.5899876960796653	38.37945740332415	92.82132955124338	154.62080774224637	50.909805969848925	494.5926818430128	22.09020178701532
TCGA-CV-5976-01	68.21791951964478	38.61963553151829	0.1400032186304041	22.319539604789945	24.959933765719832	57.24884967837334	92.71201675703222	0.099998095937749	2.23993375269641	0.2500070864268381	1.579959050553961	12.520191945758285	0.2099978202342263	54.65848644789752	0.0499985486239811	88.84284953609465	0.099998095937749	9.790297146096	7.580062190186647	3.380117140521568	85.91768454213785	6.149910568710157	2.9099700578108	13.879618994433088	1.260027729231554	5.850068060907285	254.848197483678	2.960031831973667	25.26980995946212	11.839843893710924	7.410163226811052	-1.0892982836704576e-08	14.62030320367041	1.9900093553412344	0.0800019247705772	103.830472713693	24.92017178719336	25.35930163750988	10.030044974222273	5.420154035757855	30.99907928089436	6.030011557908447	3.869983075575552	6.460190447599665	44.080456872122106	44.479466079068665	207.05827242809323	3.0500376860034795	72.54881347366519	0.1700037656548274	0.7500079057650569	0.1499978591232875	5.980055065253826	8.439918531689925	13.040157318442008	4.5801188759767975	1.3799872500586805	0.0400009173779441	19.400549871340388	0.0499985486239811	-1.0892982836704576e-08	10.319922344590871	-1.0892982836704576e-08	-1.0892982836704576e-08	78.25882613589116	0.9499886316676388	9.180309912598869	21.769460207775914	-1.0892982836704576e-08	2.750083636279488	30.249770839700016	2.440046876340315	8.640010294019406	9.870025678352713	-1.0892982836704576e-08	44.9505824706081	1.8400132372648688	0.4700003379150708	0.0299997415975628	30.99907928089436	0.0099996391023943	0.1299964844665897	97.99833130705262	174.35594251280983	0.1599963627194711	8.980148829214354	35.74971028202288	0.2700066202855875	6.780009191072521	9.940062119885836	57.110129014003896	61.01010689844218	5.549816496202011	0.1299964844665897	7.110234345453571	106.2917951731563	168.54516602358316	55.989105757867165	444.6716922548292	22.07948566900829
TCGA-LN-A4MQ-01	59.75037468134859	44.92877711719177	0.2599960720976136	125.33004412947716	53.27079542830197	18.54967785754063	73.63809543684268	20.45000731792742	4.070047345945355	0.2700066202855875	5.320009576436799	20.770017709915265	1.0299683187947888	133.2774761022158	0.4300120174140545	97.51046838516704	0.940021767145367	3.73993785544238	6.8399657166233245	8.089898927028043	101.89827664368384	13.519719302967014	12.849922308508402	48.150205088997104	1.5199787532410094	3.0300129162828324	806.4259260337523	15.350417814916463	17.729975430594337	962.4037814834618	13.369671342749658	-1.0892982836704576e-08	4.610064990788486	10.94020703460803	0.5700147825599464	7.899806891562981	39.79909584773108	15.930387337175558	9.759804082177787	27.459766685948207	31.70974792671927	1.790043031685128	1.3399914139149067	20.64943117643653	98.48180852771132	96.66254503743345	109.97919961557228	12.979733476246873	91.9376769508311	6.069856197626376	1.0400215976841116	0.8000143535812515	14.909947190819723	7.529783655670884	2.33995954027622	1.9699620524648933	0.7800030026030508	-1.0892982836704576e-08	23.80082019895209	0.9999708770490776	0.0499985486239811	0.5799959451451767	-1.0892982836704576e-08	-1.0892982836704576e-08	69.55003120166772	5.7499488253312965	11.289989351889718	20.30029706353794	-1.0892982836704576e-08	0.6099812449515286	26.35025923913064	0.9900295632640792	35.73979945440482	5.990013149351428	-1.0892982836704576e-08	39.90129994993368	24.26055306254145	0.2599960720976136	-1.0892982836704576e-08	35.30887968134271	0.3299992836816577	0.5499907483830857	46.830261645475794	56.699910619639866	0.3600073211340893	24.519219692304457	32.29089050874402	0.5899876960796653	61.72044786458064	21.2992727622948	19.67002187607329	34.40051033319128	28.41043902423805	2.170060606139105	12.070223455871588	56.00851381280519	176.06835272188718	5.739991820001055	248.7916405489842	34.55106426779257
TCGA-CV-6948-01	112.7815455150929	20.160065761437465	0.2500070864268381	81.65007641471901	34.08955070232053	38.101136735806	78.68854165865841	0.6299947907347176	4.320104137719865	0.2599960720976136	5.230047970196154	44.73920618648656	0.0099996391023943	72.66960439365404	1.9600142240039584	176.78987472806872	0.1299964844665897	2.7299445094075763	2.499991232497377	4.589973167281645	72.12762416876454	4.649868018816488	4.989900008239229	13.679983106893758	1.3399914139149067	5.469982723786554	542.5819864075673	6.270019475174114	8.74970953542071	56.51157413475324	8.809964782919645	-1.0892982836704576e-08	2.709952809689756	3.199949685739869	0.1899941029442881	12.589817040257325	11.529634518272642	14.520312990907106	5.779923575980284	8.020099449636131	13.160025478480923	0.279991812670302	6.329853451460043	5.380095832019759	30.009594636863447	22.56063944359024	135.05369650703878	4.289958654273952	29.8809004611772	1.2200311451655264	0.1499978591232875	0.0199995176441048	9.26020552263293	8.3897513348425	12.979733476246873	2.479962622246042	0.8400129963301876	0.0099996391023943	17.689464201087752	0.4700003379150708	0.4200022941375064	0.4300120174140545	-1.0892982836704576e-08	-1.0892982836704576e-08	38.05890353734994	1.0299683187947888	12.11969063019978	30.699707545192368	-1.0892982836704576e-08	1.86998760372706	37.2808100467584	0.3399896842354512	8.339882298394338	9.730080466616124	-1.0892982836704576e-08	53.57815784408896	4.339917487527227	0.2500070864268381	0.1099975701524568	106.89766308073028	0.060001985048514	0.4799970663529716	55.34856217646328	172.02704854050663	0.3299992836816577	10.30991171704972	71.00160247929807	0.1700037656548274	2.309972352319177	15.94032895439858	32.85078827167775	39.16961840875071	6.1401123625914735	0.2700066202855875	5.5799085257746	58.419386592029774	407.0878790760677	2.960031831973667	528.8435849197618	28.449852955291654
TCGA-K7-AAU7-01	23.559528559521507	23.460120291475008	0.9599944472116856	50.57917067327981	12.709950401537675	165.6955782520577	2.7600174385543035	0.1400032186304041	6.120138450497808	1.0299683187947888	4.2700772739439214	72.4985431993679	-1.0892982836704576e-08	27.089216157774185	0.2500070864268381	54.348693717765336	0.729978054906192	7.509973978523615	1.9499813677559288	4.3498582048881405	155.14686136982942	5.789949837759516	6.320206739494811	35.15989771028103	1.9600142240039584	8.139966036129067	282.79149051129974	3.6700684121154734	14.86969324813305	2.0400336953974567	9.969735982354395	-1.0892982836704576e-08	0.760016690419679	1.169966660228584	3.0399034270161214	26.33017506566176	23.47964282080052	20.46986273156292	6.420008907180841	7.060134512814219	13.34004711116041	3.580093035897317	8.079810491027574	36.52115526969299	30.310639882352213	25.579986571279104	251.21769162684265	2.080033226748481	20.8493543898127	0.3100029133246172	0.5200161508304486	0.1200017652742898	0.930030283491994	9.000091764025788	1.6499540875848375	0.8100147172706595	1.0200121257071937	-1.0892982836704576e-08	38.37945740332415	0.3800097970829733	2.3600032050186424	2.6000605786293223	-1.0892982836704576e-08	0.0099996391023943	41.27982791024599	3.810080283467216	11.030063636722286	25.44029142519398	-1.0892982836704576e-08	0.4300120174140545	30.18902402865153	0.0499985486239811	5.829824903240287	19.969520088580246	0.0099996391023943	37.80910629380169	4.599848655822311	0.3100029133246172	0.5100017014734363	62.50834585358256	0.0700018290491679	22.09020178701532	44.9505824706081	117.63615592758012	0.060001985048514	4.179860770273614	14.09975005308701	3.419957070790686	8.16992834296758	23.169222610334227	39.60919778678044	28.50907639532328	4.999942440119201	0.969970924342351	9.989798583634864	52.96152501928293	226.6611991268313	7.529783655670884	900.6972199376396	15.980157500400669
TCGA-L5-A4ON-01	29.359405735333624	13.53003226739901	0.3499895541428852	46.50032759229301	40.02040748055913	74.1708578063073	41.00889088558303	0.1299964844665897	7.990132634109441	0.370002290777625	19.8604631249875	24.8597859254556	-1.0892982836704576e-08	60.84961758082044	0.3800097970829733	160.70722974674774	1.0900369787029571	81.06921140238438	5.810054559227364	9.340148881428965	63.38973101591184	13.8603897024014	11.54963290756829	45.300910855979225	2.23993375269641	8.830141925386787	13.379869857702884	5.070104485038901	16.48992021286889	10.210337922110895	10.039783885566012	-1.0892982836704576e-08	2.129954811483401	3.4100124010224424	0.599984629986704	111.32910829433789	43.94926624678088	33.02888404999437	49.18923355928912	25.450874361353847	35.73979945440482	9.829739875923888	3.2199806638985087	30.650802288457296	101.6020570083962	66.57821705740712	340.23688930592664	10.27993805473426	53.038673887231504	0.409997065989814	0.9000006175614542	0.4000071874053119	14.62030320367041	9.740203334666148	3.4299307338445497	0.7800030026030508	2.2199855398896884	2.9300142862914043	17.47980841572704	0.5000060742414588	0.4799970663529716	4.449908985148718	-1.0892982836704576e-08	-1.0892982836704576e-08	98.89909488516	22.47011801180796	12.63002664081474	18.53040035580508	-1.0892982836704576e-08	1.920056565797732	41.82998312665115	0.1599963627194711	16.789810891242343	22.64995542798961	-1.0892982836704576e-08	48.52883332220642	4.199904531671962	0.370002290777625	-1.0892982836704576e-08	29.999195559460603	0.8799914970163208	10.64987461793296	123.57030861706885	130.2183471031407	0.3499895541428852	11.9296438780537	16.890200937567624	1.86998760372706	6.849930739259995	17.569702886700927	54.7684694506307	24.4293055093217	31.22985151214546	3.119981920694814	45.48970852827964	97.78120272675848	193.79567389922485	3.930009907894018	318.2894366048242	11.469846858054137
TCGA-AJ-A3BI-01	135.09114681135554	14.730168840091832	-1.0892982836704576e-08	45.10976979197412	91.54976270607725	33.090757271430626	177.46514260530867	0.0899993468124429	0.920017197435768	-1.0892982836704576e-08	0.4200022941375064	29.359405735333624	-1.0892982836704576e-08	13.060059260195985	0.0299997415975628	273.7461244654412	0.0800019247705772	7.69975554481401	1.0400215976841116	3.4899023466977965	55.49838963012715	0.7399766574552298	0.8600088668574302	3.209949554863814	11.469846858054137	2.0099817653318337	1.790043031685128	0.099998095937749	5.960188525641092	0.920017197435768	0.6400016608422577	0.0800019247705772	0.7399766574552298	0.3899890203948566	1.4700028074304168	4.100068951554375	15.50978717360337	51.63122984100986	2.470008545578629	2.2100014939989854	2.3999410804624928	0.0899993468124429	9.39013805548449	2.510066089792934	8.12023986700399	3.889889476209441	24.42084007766196	0.6799873952481095	1.86998760372706	0.4599876480687464	0.0199995176441048	0.1200017652742898	9.439740341754902	11.629973912943663	-1.0892982836704576e-08	1.920056565797732	0.4599876480687464	-1.0892982836704576e-08	7.279815242812923	2.1499887809147564	-1.0892982836704576e-08	0.0899993468124429	0.2000045410595679	-1.0892982836704576e-08	6.199996176813787	0.4700003379150708	5.380095832019759	0.9099855024038432	-1.0892982836704576e-08	8.33005960643399	49.15855666437297	10.44008692317982	2.510066089792934	1.2800262155482685	-1.0892982836704576e-08	62.36120350565552	0.8600088668574302	1.369972848999533	-1.0892982836704576e-08	44.80127229304504	-1.0892982836704576e-08	2.0499609167707646	76.12936025210517	147.43039870070675	0.0400009173779441	1.4999750542458536	24.64018957555429	1.3600310686170571	4.260023475912857	1.909963205079304	41.23121328628607	18.66058991661548	1.419993544000816	0.1700037656548274	1.8000022704599292	21.48016004448421	500.1084305714703	32.47045216213642	1414.522078769718	24.909809518139653
TCGA-G4-6320-01	48.94096089224858	18.699435976979924	0.0800019247705772	32.43895695245822	30.58925016299974	179.2329345492687	94.6076376032045	1.4700028074304168	2.9899421365099257	0.5300059750860837	2.890062905119032	26.99923389769729	0.0800019247705772	51.21064512806787	0.099998095937749	108.93220704542232	1.909963205079304	63.561325359941584	2.779992781596899	2.5400063839842084	72.36800344264542	5.859809724740107	4.329999482435252	0.8799914970163208	0.0899993468124429	12.430254601773129	1.5099961661941923	0.3399896842354512	8.12023986700399	2.1199344009677805	4.15011816491518	-1.0892982836704576e-08	0.7000066328306926	4.429900714601728	0.9900295632640792	40.05093391503476	27.93009057653985	34.16998666177165	5.58997541085783	7.939886086654062	8.210239411142949	0.9900295632640792	4.700105313679083	37.63913767870282	18.019910505913064	19.32002864902413	669.619553136384	2.329920823549805	22.07948566900829	0.0299997415975628	-1.0892982836704576e-08	0.9999708770490776	7.170127657034007	9.650144250062349	1.3600310686170571	3.5900357111672814	0.8799914970163208	3.2199806638985087	8.650198431705851	0.0400009173779441	-1.0892982836704576e-08	0.2399991561447902	-1.0892982836704576e-08	-1.0892982836704576e-08	25.56048947752962	0.5799959451451767	12.27016230378646	9.120050540000124	-1.0892982836704576e-08	0.6200149910276705	51.7207792435971	0.920017197435768	6.179827493159128	22.679805927119585	-1.0892982836704576e-08	35.51014565505592	5.569859766719089	0.0199995176441048	-1.0892982836704576e-08	19.940471964708795	0.1200017652742898	10.230175454598852	55.47915834012577	146.13826031128175	0.6900203008692773	6.0799637950152725	18.270206534495504	0.2700066202855875	1.4800291126283682	6.300083814790131	49.15855666437297	30.729514157538453	3.620029674969686	0.1599963627194711	3.370054613021543	89.93956239243994	228.03218806366485	4.610064990788486	626.9895983837175	30.669929843333595
TCGA-RC-A7SH-01	20.30029706353794	14.199797037954244	0.0099996391023943	44.54117185967967	29.870545978048803	132.13685312638344	69.8980043156421	0.2500070864268381	0.4799970663529716	0.1599963627194711	0.6200149910276705	107.61882084322431	0.0199995176441048	31.749337006470714	0.1499978591232875	116.13729908909714	0.0199995176441048	69.59825701471253	2.939986170078791	7.13987072207072	54.7494910878551	3.3899746518575444	6.639997705022595	8.889718409953014	0.1400032186304041	8.839941408172196	19.25051395648168	0.5200161508304486	6.190118185904495	0.6299947907347176	5.850068060907285	-1.0892982836704576e-08	2.779992781596899	0.9799829724552516	3.4299307338445497	0.8900016447412723	20.790183814295816	37.958787210045365	7.319793345023426	1.7600062140429826	6.470050786893912	0.3399896842354512	0.7000066328306926	45.46133879745693	20.920291372915607	12.819672193814656	332.19709732093	1.2100009526937137	13.26995235015655	4.329999482435252	0.0800019247705772	-1.0892982836704576e-08	8.860187197223826	7.730240942997227	0.0700018290491679	0.5399998128169408	0.0400009173779441	-1.0892982836704576e-08	52.35924707840722	0.060001985048514	-1.0892982836704576e-08	0.099998095937749	-1.0892982836704576e-08	-1.0892982836704576e-08	8.780089798207399	0.1800048174105189	20.30029706353794	5.960188525641092	-1.0892982836704576e-08	0.060001985048514	39.22939618360632	-1.0892982836704576e-08	2.479962622246042	16.240353930122527	-1.0892982836704576e-08	46.830261645475794	1.5500014122422203	0.3600073211340893	0.060001985048514	26.82946215244354	0.0199995176441048	16.320480238671163	16.54029177996743	78.05837465117008	-1.0892982836704576e-08	1.3499740845356376	30.35900240657043	0.0700018290491679	2.429915929095501	2.819986965695332	24.210154999311115	59.58906846913467	8.539970435897974	0.2000045410595679	3.7900566107067264	92.18015888632316	267.9824321854916	15.760140182554483	621.4513645064645	18.1000314055344
TCGA-S9-A7J2-01	0.9599944472116856	13.449612825277995	6.639997705022595	37.19047343473869	1.909963205079304	123.4333396161835	4.589973167281645	0.1400032186304041	7.379916657989148	2.5599871249846333	18.699435976979924	80.29187127330873	-1.0892982836704576e-08	20.30029706353794	5.050108388604325	48.91043882958199	43.48864417958404	11.960281008952094	6.780009191072521	8.68023321696654	85.97130012852371	12.080268194186903	13.34004711116041	7.329949157402811	3.279919052884565	22.84072972470653	1.3399914139149067	33.83999306740403	47.89057576864502	0.0899993468124429	15.50978717360337	-1.0892982836704576e-08	5.91983233345623	7.399896291162144	33.30014782734294	0.2300056431117058	53.11961704853063	24.339721036284573	3.239912341672036	23.600391238968847	80.04181496111825	5.739991820001055	4.300083083748135	46.82052437082406	56.51157413475324	119.27830942830772	2.7600174385543035	5.200039519038789	13.820094855004369	9.769957870559765	0.1299964844665897	1.299981096880783	7.92009565865836	15.50978717360337	10.619648830441824	0.409997065989814	2.160001389747634	-1.0892982836704576e-08	1.7500253862255073	0.1700037656548274	0.099998095937749	0.969970924342351	-1.0892982836704576e-08	0.4300120174140545	91.91856082802916	1.7399804468410416	15.039702011573734	21.159473421562748	-1.0892982836704576e-08	0.060001985048514	43.38025845760004	-1.0892982836704576e-08	11.41036920369947	3.689969970615193	-1.0892982836704576e-08	101.27159398975876	5.759923099795211	146.96106569873044	0.0400009173779441	20.91014276129308	2.260061134249184	13.590191185435568	49.97972764648047	138.94687879290274	0.930030283491994	39.51869753090774	22.88986380411107	0.279991812670302	0.5000060742414588	14.549532028811733	66.6382380511079	182.5682520843677	7.110234345453571	3.6300832317581393	0.2399991561447902	61.39190363681694	278.37673171611067	11.5200475937475	618.1862118837049	45.44873570791322
TCGA-EK-A2RE-01	100.27968876094133	63.429288549095205	-1.0892982836704576e-08	48.56921609516974	31.279680647701102	55.79152733037196	107.12760921280302	0.2099978202342263	2.799918490170261	0.319989942599089	0.760016690419679	24.770339865343324	4.939989534434263	43.080602216857045	0.1400032186304041	99.37323885050002	0.0899993468124429	10.240108668032809	4.100068951554375	4.839982906316303	129.77681758851972	7.349793531992278	3.299992818734051	35.63096151708886	7.759771079482149	2.9099700578108	14.630441431998424	1.3100293649763324	18.939467032636923	16.460227326297215	6.600070471357906	-1.0892982836704576e-08	0.5899876960796653	2.05993642236614	-1.0892982836704576e-08	64.34149610836563	18.989421211416914	18.07996784697573	6.7401746360252135	4.860157911897505	9.32979495830774	1.29000984284336	0.9900295632640792	13.089969134989229	35.230646657266774	36.52875062805676	93.869503988275	4.720024598492897	40.59033825808572	0.0899993468124429	0.2500070864268381	-1.0892982836704576e-08	11.000283918658564	7.590052872082246	6.77014587283734	2.440046876340315	1.0900369787029571	-1.0892982836704576e-08	5.799993488788744	0.0700018290491679	0.0299997415975628	0.1200017652742898	-1.0892982836704576e-08	-1.0892982836704576e-08	34.92912741103182	3.6700684121154734	6.569941053158211	32.47945640853829	-1.0892982836704576e-08	1.7500253862255073	47.69842599071216	4.539968408584257	6.090088220924177	6.979836876833384	-1.0892982836704576e-08	46.830261645475794	2.7399955766871456	0.060001985048514	-1.0892982836704576e-08	21.19029722705796	0.0400009173779441	0.1800048174105189	71.63932613784942	129.5072325936984	0.7500079057650569	5.519886721617048	32.8189241605578	0.1800048174105189	5.02984241615285	13.249730581352733	30.650802288457296	47.64885767981904	4.19001591505365	0.1499978591232875	2.980007489564513	54.269639360218	250.0883826328141	3.119981920694814	612.9381303916037	7.6699220443245775
TCGA-AB-2863-03	21.290416069713707	41.61885402653693	4.709891158379927	87.11706468258969	20.790183814295816	109.03041005264976	20.729744161635622	-1.0892982836704576e-08	15.220092421308786	1.2200311451655264	0.3600073211340893	58.14870630390658	0.0299997415975628	50.56164395925615	0.2300056431117058	83.64936904597234	3.330103083522196	14.789511080853108	20.140510830838046	14.589930648316304	70.15040045472024	28.29056344763657	41.56119663188375	51.43833190767887	0.0499985486239811	52.33022044093512	0.2000045410595679	19.45981196578658	4.380120816921925	0.1200017652742898	42.97025478120674	-1.0892982836704576e-08	6.400011941293218	32.078950264856374	-1.0892982836704576e-08	5.399900612402194	39.401083137004754	15.560400487125778	24.989363823240232	67.30205091393883	5.460131892701562	0.279991812670302	60.34975858149773	0.0499985486239811	148.59999853747735	90.13927835381692	3.139947872346528	18.859552058787777	53.779080142930034	0.060001985048514	0.0800019247705772	0.0099996391023943	3.449965378170624	15.990130175553638	2.980007489564513	0.0700018290491679	2.200062329612713	-1.0892982836704576e-08	28.439994349501298	0.969970924342351	2.969899907095171	0.3100029133246172	-1.0892982836704576e-08	-1.0892982836704576e-08	104.51644845456754	0.7500079057650569	78.98910309792142	35.931066403201854	-1.0892982836704576e-08	-1.0892982836704576e-08	38.23871855541702	-1.0892982836704576e-08	25.069172190235328	8.129815172105404	-1.0892982836704576e-08	17.81992108211973	57.3282698593127	3.4701170131923464	-1.0892982836704576e-08	52.82953080271481	0.2500070864268381	0.0400009173779441	37.13895082583687	41.38870325392474	0.0899993468124429	8.670009708628266	35.0406790653944	0.279991812670302	-1.0892982836704576e-08	25.41033032997612	25.33997274348289	39.36013726257952	28.939140081954825	-1.0892982836704576e-08	0.0499985486239811	6.449897975441199	93.55122103735266	0.370002290777625	332.3583199528033	28.29056344763657
TCGA-C8-A1HL-01	94.03882831459048	60.1993512681123	1.099988958039587	77.99888003623956	63.84834876315314	165.00789654090818	193.63454537824447	0.6200149910276705	1.3600310686170571	0.3899890203948566	5.1698447864144255	25.180634080514647	0.0199995176441048	91.42293433102388	0.0700018290491679	177.21929274203794	0.599984629986704	6.030011557908447	7.9102189481313	4.770027493454861	73.01799969672098	5.640191841937558	4.8800786553700926	8.339882298394338	3.689969970615193	12.319594787777149	1.679977017469785	8.589844746444308	26.450910129151847	0.1299964844665897	5.990013149351428	-1.0892982836704576e-08	1.0700308231914548	3.990137548495556	2.700011907444717	3.289940630339549	35.06011568670907	11.129912785679275	4.090131754989134	13.980042165321336	9.34986611867582	1.9299355347553644	5.939976162925084	11.02012811794362	53.500224269646246	45.59072213488575	161.82504388327797	4.610064990788486	21.50995990644201	0.1299964844665897	4.449908985148718	0.0400009173779441	8.309872826381316	7.69975554481401	2.0099817653318337	0.4799970663529716	1.6499540875848375	-1.0892982836704576e-08	27.079829031058	0.1499978591232875	0.5300059750860837	0.1599963627194711	-1.0892982836704576e-08	-1.0892982836704576e-08	35.38973943851812	0.7200144109086911	20.67951201920849	5.329977156198479	-1.0892982836704576e-08	1.099988958039587	49.19946344438544	0.2099978202342263	8.720038855758162	40.209489675739306	-1.0892982836704576e-08	46.830261645475794	4.939989534434263	0.6200149910276705	0.0299997415975628	18.66964677354981	0.0400009173779441	5.070104485038901	52.91015479345378	174.45265334275837	0.1899941029442881	7.709903964266841	28.3691131600902	0.8499816924419489	5.460131892701562	17.92025791046027	47.51034027392243	41.52088398768562	8.519865627147343	0.6799873952481095	45.10976979197412	151.83814884018145	359.2379573198121	14.240211732039942	1204.4834057184896	18.32982738380591
TCGA-EW-A2FS-01	24.57026110616967	28.65966144290718	1.29000984284336	162.93933847693248	25.960466952493736	217.92582786185096	62.56903474282465	1.29000984284336	0.4900017256210596	0.4799970663529716	6.729902692357638	19.58974015797276	0.0700018290491679	72.35797166387218	0.1899941029442881	50.01091697433201	0.8900016447412723	10.099816409661672	8.579727684651012	3.16004155278216	76.62170219588602	4.479935624138306	4.829926824499091	0.9900295632640792	3.009910866767091	11.19025557614006	0.729978054906192	3.119981920694814	20.820469687070933	0.2700066202855875	6.160151451639974	0.0299997415975628	2.769987110486564	4.889900110381497	4.829926824499091	19.38979435000625	16.6299652616529	18.07996784697573	5.39017596834359	5.669987593101783	12.010130164750413	0.4599876480687464	8.219920829732972	32.42097340725723	54.9509967821736	34.26011028828252	22.23923303953433	4.37011095640381	21.760408010390403	0.1400032186304041	0.920017197435768	0.060001985048514	11.18017577480853	6.939790579485413	0.3399896842354512	1.0400215976841116	1.7800154109612605	-1.0892982836704576e-08	19.70004156850237	0.2599960720976136	0.2900018036094577	5.230047970196154	-1.0892982836704576e-08	0.0099996391023943	16.090199845722307	1.0599818672277883	17.729975430594337	24.590707408799314	-1.0892982836704576e-08	0.9000006175614542	64.88790879425986	1.630048859620768	5.690070297087479	31.32090380640749	-1.0892982836704576e-08	36.10082839860838	4.449908985148718	7.359990962302376	-1.0892982836704576e-08	20.65945325931549	0.0299997415975628	4.059901403982727	30.699707545192368	114.60192054253966	0.0400009173779441	4.300083083748135	23.559528559521507	0.4700003379150708	27.549374026844923	9.309766879668496	42.47865075470237	35.81916306892472	6.789886876897538	1.0100119151242848	21.4593247077597	69.17980997992231	323.651087766556	23.909957533907097	784.1023427265288	12.5497354429116
TCGA-IR-A3L7-01	69.97071755647313	111.73885166512169	0.1299964844665897	54.288451390235934	45.7490051282532	86.07863169490841	148.71334434239617	5.490118327147484	8.050178640976604	0.279991812670302	18.19942204511427	37.80124472064184	0.0899993468124429	55.571529347660665	0.409997065989814	100.39096529703644	3.069981880274223	12.319594787777149	2.850063160287688	9.379728723326147	192.25702387585457	10.17994800529262	9.610089618503586	17.9401442467767	0.729978054906192	5.150169453806192	44.3501620459749	1.3600310686170571	13.890206473307252	239.8675162417004	6.0799637950152725	-1.0892982836704576e-08	2.589983808682009	5.410017848025567	1.099988958039587	56.42155139039949	38.600901227615225	13.699911770769509	8.010098045690675	9.269839597884015	15.31959051196042	3.580093035897317	4.120015814480298	27.389429812924483	23.289989055371453	35.55940869468192	579.1115693821877	6.610144279749827	28.24941194853194	0.0400009173779441	1.7399804468410416	0.0199995176441048	16.44996148073519	9.949713668941488	2.2100014939989854	2.660058082161372	0.7399766574552298	-1.0892982836704576e-08	19.870102305294942	0.1599963627194711	0.2199972005936865	0.4700003379150708	-1.0892982836704576e-08	-1.0892982836704576e-08	59.37878645835621	0.6599898393063933	18.99995465717457	21.580152408326484	-1.0892982836704576e-08	0.6799873952481095	23.789274285040616	2.3999410804624928	9.750336733145748	9.68969408002197	-1.0892982836704576e-08	63.87933617739184	9.78012222153655	0.2099978202342263	-1.0892982836704576e-08	30.71034944362439	0.0499985486239811	2.68992093100514	95.60968825341246	183.6343505614678	0.319989942599089	28.869015959679075	26.030742855932136	0.2700066202855875	34.44107125280258	17.430200170460736	70.27206895559115	61.03125540135152	9.940062119885836	0.7000066328306926	7.949799834929828	82.49201151806723	204.94499680967587	17.430200170460736	936.9306528528396	37.91934014134834
TCGA-DX-A3U8-01	33.120589405879194	40.64101425384689	9.809998689794313	39.08012249136688	14.089979544535352	321.5268732552557	42.83939865023992	0.2500070864268381	5.820133079287082	0.3100029133246172	163.0862287748598	47.3197160704711	0.0700018290491679	42.19107103088915	0.0800019247705772	70.61875936268541	0.7899728059120321	9.900176756999038	8.91996637264125	8.339882298394338	100.73251839550193	4.55005177750234	3.699961172180328	0.4000071874053119	0.5600106252108901	18.82950779550028	2.069960447029368	4.509852148997108	22.07948566900829	0.3100029133246172	6.339954391381359	-1.0892982836704576e-08	1.3499740845356376	2.9999098921309373	1.2399973200906371	0.1700037656548274	50.67040756836715	25.1196170991744	14.450025796493469	16.34992104838738	21.38952519687215	0.5899876960796653	36.650491407563074	27.389429812924483	56.57820498771019	35.45112008358417	149.09523327317453	2.969899907095171	9.02007898277644	0.1400032186304041	0.5300059750860837	0.0199995176441048	9.70986627804411	10.790324175832916	6.520030646956847	3.009910866767091	1.19002194862203	-1.0892982836704576e-08	35.91114695813989	0.0299997415975628	0.7399766574552298	0.0700018290491679	-1.0892982836704576e-08	-1.0892982836704576e-08	106.3581247564381	13.53003226739901	26.33017506566176	10.149648531768973	-1.0892982836704576e-08	0.409997065989814	13.34004711116041	-1.0892982836704576e-08	10.189832454048815	25.1196170991744	-1.0892982836704576e-08	60.63909043722887	2.389976582172914	0.709989421554317	-1.0892982836704576e-08	56.319959217440406	0.0700018290491679	3.2300431104384324	64.74862803908809	148.62060043809217	0.1299964844665897	7.34011905849092	29.389948234100704	0.3499895541428852	7.069930111995621	7.6699220443245775	52.50098266193282	61.54955668925725	6.169981630325408	0.4700003379150708	18.490623643822904	120.667056235355	156.2368292915512	380.2741881081819	733.4211361961462	22.18073025199755
TCGA-GL-8500-01	1.4400296299387756	31.650456843677475	5.930101248820002	26.62935951076879	0.9000006175614542	245.6046603615389	1.9699620524648933	0.0899993468124429	34.98000904452793	1.86998760372706	114.58603430546358	456.3499738992492	0.0299997415975628	23.80082019895209	0.0700018290491679	21.039542532010696	0.6900203008692773	5.909990901826133	1.7199438181580826	18.87001346982542	136.7872026891366	6.099806613025136	6.549931213384964	16.70043314349583	18.8804806835098	2.23993375269641	832.9570331375764	4.380120816921925	54.23955366998568	1.0900369787029571	5.859809724740107	-1.0892982836704576e-08	0.8900016447412723	0.9999708770490776	0.6700071293324552	67.75139309705204	44.89142111727077	20.140510830838046	6.1401123625914735	9.14030413113752	12.639660989814036	3.2199806638985087	2.9300142862914043	13.40029023037556	42.78894738808978	45.1504370354352	386.33170396066976	1.460044378545676	10.790324175832916	3.7099794192401454	-1.0892982836704576e-08	-1.0892982836704576e-08	0.370002290777625	7.500088689485314	0.5100017014734363	7.69975554481401	2.140022563692785	-1.0892982836704576e-08	28.06010663552629	0.0899993468124429	0.0800019247705772	1.7800154109612605	-1.0892982836704576e-08	-1.0892982836704576e-08	182.54294436613785	0.6499867118277892	6.70987088315762	10.77014712736598	-1.0892982836704576e-08	0.0899993468124429	41.21121214431442	0.0700018290491679	8.41013213662008	62.439059198424665	-1.0892982836704576e-08	30.18065473692074	2.4500501450078733	0.1599963627194711	-1.0892982836704576e-08	30.859723932290315	0.1400032186304041	39.85983425997647	71.41126637836024	171.69349820536627	0.0099996391023943	3.580093035897317	14.579820490194264	0.1200017652742898	0.5799959451451767	7.889955478834125	179.89259362646004	61.25163487275249	2.069960447029368	7.529783655670884	0.8699730595540054	91.56245521644428	422.9363026433189	575.5101223574642	1651.0855122251023	16.879666944157247
TCGA-BR-A4J6-01	9.180309912598869	7.210003288918623	0.060001985048514	282.6543120214632	3.189980959236132	233.1466374022289	20.519585644195967	0.1700037656548274	0.969970924342351	0.1899941029442881	3.979914813705257	38.67053162952165	-1.0892982836704576e-08	42.86018998491821	0.0299997415975628	55.32171291558384	0.4300120174140545	27.16066473920579	3.600005991637818	6.300083814790131	25.59949853648846	2.160001389747634	3.4299307338445497	6.879912986216213	2.3999410804624928	8.060230083284035	30.548989943022967	3.530056730882022	14.320393783816863	115.23917929611572	4.519868643775464	-1.0892982836704576e-08	0.8200261054732233	3.2199806638985087	0.5000060742414588	64.42182408472648	50.0490636963647	7.980168595394142	10.32994269122055	12.50978144129224	14.770045099813032	2.810032239567883	2.080033226748481	11.049961552888416	29.140434674943315	35.240416298182794	453.63772770789393	1.909963205079304	25.7204487670204	0.2599960720976136	0.2000045410595679	0.0299997415975628	11.740135215672726	6.2900463874371	0.5100017014734363	1.169966660228584	2.230014669952708	1.5199787532410094	24.029587253372465	0.0800019247705772	0.0199995176441048	1.5700183152920284	-1.0892982836704576e-08	-1.0892982836704576e-08	25.21032435357907	4.8800786553700926	9.839966415817324	13.590191185435568	-1.0892982836704576e-08	1.2399973200906371	14.370114061339832	3.449965378170624	9.34986611867582	16.600020215608325	-1.0892982836704576e-08	27.30034268912853	0.729978054906192	0.2900018036094577	0.0099996391023943	18.55996739018473	0.1200017652742898	3.930009907894018	72.75024338040994	91.9822966990732	0.1700037656548274	3.279919052884565	15.889581339985396	0.1800048174105189	59.90796482144593	5.640191841937558	63.72896662027751	15.60036116892631	3.080002813898563	1.3600310686170571	6.869904352896412	47.63895020060447	275.6119755726506	8.809964782919645	658.9831703372031	8.479797873916564
TCGA-EJ-7125-01	5.219905334629468	18.140225337981665	1.6699864098582082	42.590687911159776	3.019945171125652	148.99192344804237	10.319922344590871	0.0199995176441048	305.3024326045913	1.130000839353258	11.149990810496812	81.78035152275925	0.1200017652742898	35.17940045878241	0.2199972005936865	127.99012802357169	3.139947872346528	5.329977156198479	9.219851611509783	2.660058082161372	323.60622316998126	7.709903964266841	5.660169030042495	5.349968365997063	1.2700316893056665	6.729902692357638	1.920056565797732	34.1510434959686	20.349608107897183	0.2300056431117058	6.489816631655909	0.0199995176441048	1.1500097066493724	1.2299737523187162	2.1499887809147564	64.7890335608216	55.79152733037196	15.990130175553638	6.47992617392461	17.019482142589453	14.199797037954244	2.660058082161372	3.1499786955182807	12.199767503980514	44.04075334425139	29.6703774859348	9.56025501837555	2.23993375269641	34.3005056699602	3.889889476209441	1.1799926614295304	0.0299997415975628	8.3897513348425	6.910026446750082	9.529817726455496	0.8799914970163208	2.0300137405132106	-1.0892982836704576e-08	36.511030581756366	0.3299992836816577	0.0499985486239811	10.319922344590871	-1.0892982836704576e-08	-1.0892982836704576e-08	107.0237013865424	1.1500097066493724	9.70986627804411	14.360156215671726	-1.0892982836704576e-08	2.05993642236614	22.33966151409181	2.230014669952708	13.629815757910208	14.010116316630729	-1.0892982836704576e-08	45.44873570791322	2.2500529613381373	5.449920956482062	-1.0892982836704576e-08	22.27008592983983	0.409997065989814	9.71996811805266	105.60148691372608	150.81022465267705	0.7699985222046803	28.3691131600902	16.44996148073519	0.0400009173779441	246.5256836824321	16.75957803359676	64.31028450712225	61.23041000537224	9.989798583634864	1.8899352986061493	14.970013640928425	269.6968106684289	213.825966818715	32.93971580048742	731.9990820520517	19.73010707359635
TCGA-L5-A4OH-01	60.90025275729275	13.379869857702884	0.0800019247705772	37.660015591000565	240.58351874481875	61.03125540135152	294.6574849022392	0.2099978202342263	11.73037327438721	1.3600310686170571	4.709891158379927	82.4405657479917	0.0400009173779441	62.21872011275687	0.3100029133246172	181.0559818104445	1.999970641512841	134.50250892047433	9.730080466616124	7.720065757786254	108.20974865200148	22.88986380411107	25.09003364807276	34.05884583850752	7.800221305178246	10.80978964814308	6.569941053158211	2.1199344009677805	20.10981996822065	4.7601167286877	24.89945155773648	-1.0892982836704576e-08	4.979877742645765	9.529817726455496	0.3100029133246172	116.5405020558559	45.42983762423377	49.39081228638475	22.670375206310045	20.609391436997925	50.75125430530411	15.50978717360337	2.3700071279578387	41.549674741465424	39.090959581584364	50.0490636963647	488.866605831556	8.889718409953014	57.73903191935816	0.1299964844665897	0.5700147825599464	0.0199995176441048	8.210239411142949	15.570111222532732	14.330324058713243	0.5200161508304486	1.7600062140429826	-1.0892982836704576e-08	7.270232868634092	0.0499985486239811	0.4599876480687464	3.3899746518575444	-1.0892982836704576e-08	0.0099996391023943	140.37962287697744	2.68992093100514	19.14007564286654	41.52088398768562	-1.0892982836704576e-08	2.6299794865184314	34.500806556004726	0.9900295632640792	14.31047038967757	37.52971837542014	-1.0892982836704576e-08	76.18742888587252	13.309565865303757	0.0700018290491679	-1.0892982836704576e-08	16.05009705008512	0.7699985222046803	11.540029355766617	49.28137915110859	113.17309814938284	0.279991812670302	11.600182816991651	21.52039962177514	0.2999926159788371	2.779992781596899	89.62217926474274	88.99693766426581	36.73951642468261	24.00960748331491	0.8100147172706595	18.480372552857347	174.223052655549	284.1275510911861	3.9199411815576912	226.8340863190949	51.69927323268257
TCGA-RP-A695-06	33.870500636004245	26.22998357881928	4.639885166247355	57.43168083064718	13.309565865303757	157.432636204006	42.490430247672094	0.0499985486239811	4.740028284289249	0.1899941029442881	0.3899890203948566	68.14230425463982	-1.0892982836704576e-08	35.399553195434734	1.7500253862255073	133.15743411481424	0.1700037656548274	1.709952846495472	25.069172190235328	12.65982929069208	93.40219530622797	5.610163689949896	1.6499540875848375	10.069755415419028	0.2099978202342263	4.059901403982727	1.140000955679887	26.87040777421249	8.12023986700399	0.5300059750860837	5.509946035404028	-1.0892982836704576e-08	0.5499907483830857	0.8299882598804061	1.679977017469785	0.1299964844665897	31.18010175282776	19.72053580292271	2.779992781596899	8.659798240068227	11.329974203405788	1.5199787532410094	4.789910956828163	13.280074804184263	43.311153484066885	36.16093569395147	4.420083553925687	0.8299882598804061	14.400029045369902	1.130000839353258	0.0299997415975628	0.0499985486239811	1.8199609696227488	10.289919581534594	8.74970953542071	2.020042976142629	0.9599944472116856	2.280053050768928	5.070104485038901	0.060001985048514	0.2199972005936865	-1.0892982836704576e-08	-1.0892982836704576e-08	0.0499985486239811	40.598779867247565	0.6599898393063933	10.360062140046956	6.329853451460043	-1.0892982836704576e-08	0.0700018290491679	20.94931455386117	-1.0892982836704576e-08	6.939790579485413	11.049961552888416	-1.0892982836704576e-08	51.81048395800269	4.260023475912857	22.019876672125694	0.0299997415975628	24.529419485832744	0.0800019247705772	0.1400032186304041	37.02071953475533	74.94086625462936	0.2099978202342263	12.450088792667271	32.93058396077461	0.060001985048514	1.2500157909148952	6.559928504902855	73.92961451353327	97.30790966451586	9.969735982354395	0.1499978591232875	6.569941053158211	100.71157362696935	279.8858702258926	2.499991232497377	1104.1333399002558	23.48941017654565
TCGA-B9-A8YH-01	4.230003854473709	48.100167298098015	2.7600174385543035	39.76876135700219	3.189980959236132	167.334530919776	6.270019475174114	0.0700018290491679	50.56164395925615	2.579946077153642	233.42152889642924	158.8907049999	0.0199995176441048	40.46953455903914	0.2900018036094577	25.640344387629305	1.3399914139149067	20.64943117643653	7.970216980708337	16.99943786584245	110.07071662948916	6.440068344229023	10.360062140046956	16.549466763385965	5.349968365997063	10.27993805473426	70.3988280498058	10.059987433628658	31.410044236844914	37.58959901148612	6.2800249493885785	-1.0892982836704576e-08	1.7700439324827788	2.810032239567883	13.07002161771383	27.44073892822396	42.56117583205769	40.90101463585484	8.769748693144622	16.80028881204182	15.920451919922025	5.129857649651291	11.17010505220764	41.48923719945453	59.399369490700856	44.69890933267749	154.73874593532068	3.2300431104384324	18.720186928780315	0.5600106252108901	0.5499907483830857	0.0199995176441048	11.380351671651084	11.02012811794362	5.440106247807059	2.080033226748481	1.0900369787029571	-1.0892982836704576e-08	51.62049433687911	0.2900018036094577	0.4400151127009332	1.1999699057263682	-1.0892982836704576e-08	-1.0892982836704576e-08	172.15826338981682	6.520030646956847	14.69040023125645	16.250488974895433	-1.0892982836704576e-08	0.599984629986704	92.93077123012893	0.1700037656548274	9.0702414177411	47.149461935027134	-1.0892982836704576e-08	58.10841396480546	3.3899746518575444	0.0400009173779441	-1.0892982836704576e-08	52.75999986458015	0.4599876480687464	56.699910619639866	54.87106634458697	167.3809326127051	0.060001985048514	6.350071447453219	21.05997031185516	0.4799970663529716	1.2200311451655264	8.870020019766043	115.24716741349624	79.24136317631039	4.449908985148718	13.07999157404624	4.059901403982727	97.01158442355812	338.30852825696314	321.1482239538192	1324.377702007681	27.23985348273137
TCGA-PC-A5DM-01	61.57942845198779	19.559888538607595	0.060001985048514	37.80910629380169	35.25996370805154	228.2061209813684	147.37931172474876	0.2900018036094577	1.7299931312968873	0.8900016447412723	32.078950264856374	31.19091017205925	-1.0892982836704576e-08	37.709647056512345	0.8499816924419489	139.12034738051025	0.0899993468124429	2.389976582172914	16.150541982370324	5.630034539171575	65.1809225461537	3.510043814991306	3.0399034270161214	47.1004640968476	0.2999926159788371	15.260237005427571	0.3600073211340893	21.00020203593054	9.399907294542924	0.060001985048514	3.810080283467216	-1.0892982836704576e-08	1.4700028074304168	4.399904300292507	0.0099996391023943	2.8299769445569463	26.93941183181553	11.6598415105259	4.690014629301768	16.97000386189147	24.64018957555429	0.8799914970163208	6.729902692357638	20.40045299877889	67.1110536684164	27.040438605934035	23.769494318583305	1.7700439324827788	12.969839933759038	3.9199411815576912	0.3899890203948566	-1.0892982836704576e-08	4.329999482435252	7.939886086654062	9.239686276428674	1.4099824073573504	0.2500070864268381	-1.0892982836704576e-08	12.919589596988803	1.880000197056386	0.4300120174140545	1.299981096880783	-1.0892982836704576e-08	-1.0892982836704576e-08	53.04970432417303	0.599984629986704	8.970193937616076	15.449696826098856	-1.0892982836704576e-08	0.1200017652742898	12.02012489807775	-1.0892982836704576e-08	10.590242923352392	26.57956746988616	-1.0892982836704576e-08	60.40835174789891	8.449870752237615	7.61007375180221	-1.0892982836704576e-08	50.379725764691536	0.1099975701524568	0.0800019247705772	44.39937634381479	163.49369337283622	-1.0892982836704576e-08	5.349968365997063	40.27085438470526	0.1099975701524568	115.64728006693696	5.909990901826133	34.70949417692815	63.13977222011261	3.800055261709892	-1.0892982836704576e-08	7.540230778308039	68.86881994005478	153.84040143365414	8.449870752237615	398.7101110890109	23.8602877561074
TCGA-BR-A4QL-01	35.61120843938036	10.839805112641182	0.0499985486239811	44.3686110118196	17.970015134315346	125.72158231704869	74.84223430474975	0.0099996391023943	0.5600106252108901	0.2500070864268381	0.3499895541428852	26.82946215244354	0.0099996391023943	50.34830643369329	0.0400009173779441	89.26259464642597	0.2900018036094577	34.92912741103182	2.23993375269641	1.5099961661941923	105.90936672640206	3.620029674969686	3.5000799323966025	7.279815242812923	0.3299992836816577	10.00990155384806	2.810032239567883	0.6900203008692773	9.360242313774124	0.3600073211340893	1.709952846495472	-1.0892982836704576e-08	1.0700308231914548	5.320009576436799	0.7399766574552298	11.319768559536254	6.389815331593184	4.320104137719865	9.159967684136944	7.500088689485314	5.709828261908867	0.5100017014734363	2.489956797375469	25.09003364807276	13.060059260195985	22.76012560761852	78.7321885061679	1.3100293649763324	12.65982929069208	-1.0892982836704576e-08	0.1200017652742898	0.2000045410595679	1.999970641512841	6.859910277636148	0.4599876480687464	0.1599963627194711	0.6099812449515286	1.679977017469785	18.509859767377662	0.060001985048514	0.0700018290491679	0.4000071874053119	-1.0892982836704576e-08	-1.0892982836704576e-08	8.469810409507733	0.2300056431117058	8.640010294019406	9.799803291775843	-1.0892982836704576e-08	0.4300120174140545	19.039507140906814	0.3100029133246172	9.360242313774124	5.070104485038901	-1.0892982836704576e-08	17.1902196866786	3.269927993152617	0.7800030026030508	-1.0892982836704576e-08	28.079563855053497	0.0800019247705772	4.499857846893556	18.1000314055344	53.76044461694647	0.2000045410595679	2.68992093100514	29.41032754911959	0.0899993468124429	11.950336031676557	6.270019475174114	17.880551340677748	12.090321290956377	1.8100168883826453	0.1200017652742898	5.559829101054302	31.58032946834693	486.6352561430031	3.250037055410362	580.3975077893213	5.2500284056343975
TCGA-CH-5751-01	32.51099093820891	12.419918873983724	0.2199972005936865	27.56083428822216	20.65945325931549	65.00946192525201	38.01935242972301	0.0199995176441048	73.66872744497682	0.969970924342351	16.230225205947846	76.06079074250745	0.0700018290491679	62.99114354151221	1.3600310686170571	87.91171893949584	2.6000605786293223	2.429915929095501	20.320007126923443	3.370054613021543	58.31015523612589	13.6203708701257	4.959893548415375	27.879798980097256	0.4300120174140545	22.990042824705007	0.8299882598804061	18.599893265176057	13.149994522603654	0.0499985486239811	10.32994269122055	-1.0892982836704576e-08	1.3899783836430508	4.300083083748135	3.189980959236132	2.5599871249846333	27.480712458415017	20.04024181681454	22.16075148977479	26.71996120162362	12.310204384050632	3.510043814991306	21.38063097716281	6.749994296089071	49.44904744258	40.66073866694703	25.709753741326967	5.660169030042495	28.78908214202499	0.4599876480687464	0.760016690419679	0.0199995176441048	3.119981920694814	8.469810409507733	11.359858868347416	0.3499895541428852	1.579959050553961	-1.0892982836704576e-08	9.829739875923888	0.2999926159788371	0.4200022941375064	1.5500014122422203	-1.0892982836704576e-08	0.0099996391023943	87.58934824313059	6.949901013904474	21.960428597088864	12.670364653370502	-1.0892982836704576e-08	1.579959050553961	29.56977193698266	1.299981096880783	16.42034054224678	13.39007615160038	-1.0892982836704576e-08	23.9298543829858	9.56025501837555	2.1800154653305155	0.0199995176441048	46.14072388672718	0.2999926159788371	4.7601167286877	64.35041649061868	75.65066869055174	0.8499816924419489	19.210523152300368	26.259090808008533	-1.0892982836704576e-08	26.090355644907333	16.479635849696873	66.45833720142583	45.53071828553866	9.539732268893482	1.7000198776065194	21.79059664793951	116.13729908909714	101.2084365599417	11.719806996890703	528.2574026155463	21.290416069713707
TCGA-KK-A7B3-01	4.00010918924807	15.84997852962052	0.6599898393063933	43.79113857662404	2.3700071279578387	156.0312026836466	4.920165379004577	0.060001985048514	55.03867324196041	1.0299683187947888	4.720024598492897	63.38973101591184	0.7699985222046803	53.0901688892992	1.6499540875848375	97.01830905655063	2.9099700578108	3.239912341672036	12.289741065819989	2.0099817653318337	84.16117012804278	4.509852148997108	13.160025478480923	15.209545619677094	2.389976582172914	12.50024608275708	1.4900204035413804	15.930387337175558	17.98995668376987	0.8100147172706595	3.930009907894018	-1.0892982836704576e-08	4.360123966130953	1.4499522078341789	2.0499609167707646	99.7182412161122	53.11961704853063	24.959933765719832	4.420083553925687	7.730240942997227	8.74970953542071	0.969970924342351	8.689866353449288	13.73985622920751	30.470740461205057	14.139880018908745	71.06068535223288	3.139947872346528	15.129628387463912	0.7200144109086911	0.6700071293324552	0.1099975701524568	7.789954017916444	10.94020703460803	1.7500253862255073	1.299981096880783	3.5499375794327004	-1.0892982836704576e-08	36.20106281106881	0.1299964844665897	0.2599960720976136	0.8200261054732233	-1.0892982836704576e-08	0.0099996391023943	31.729536292356915	1.5899626865577787	10.49014327916173	12.890069000529074	-1.0892982836704576e-08	2.1499887809147564	45.379481141742666	0.8600088668574302	5.610163689949896	11.909813116191817	0.0099996391023943	47.990267116036655	1.8299596526461608	1.6699864098582082	-1.0892982836704576e-08	18.85040308158463	0.599984629986704	12.749659816847323	42.64090541651763	122.06351080270304	0.099998095937749	13.98973644467258	17.910323009740033	0.2099978202342263	238.326232416492	10.149648531768973	80.87277222132994	86.22792564593367	6.440068344229023	2.5699472328054647	25.109171900393243	234.45932457278715	174.57361731878763	35.789381082575595	826.9740537634075	22.019876672125694
TCGA-DQ-7591-01	165.70706386171832	85.27098880588937	0.1299964844665897	63.61862663350188	140.1851488413472	123.33071250612844	164.09542517561792	0.1400032186304041	16.399864987602427	0.2599960720976136	3.84004801930438	14.719961509943708	0.2099978202342263	98.14108389423195	0.3299992836816577	48.60963247155262	3.269927993152617	9.159967684136944	5.779923575980284	8.659798240068227	120.00810034651003	8.809964782919645	7.149776935763813	6.569941053158211	18.319665432502727	26.98052524637015	32.320001565354104	1.9499813677559288	8.980148829214354	41.219782873995854	8.150129572933784	0.099998095937749	5.649975757156423	3.879923512688928	1.0800250842883663	4.829926824499091	21.599607761963927	17.42053694012315	14.00040791592335	15.679503718106137	19.48951085958649	1.679977017469785	17.729975430594337	7.009901666341385	26.39047355552261	44.80127229304504	82.04721258780896	5.289851772350677	184.8860028768556	0.1700037656548274	0.2199972005936865	0.0899993468124429	7.329949157402811	7.820254342853082	4.779958888520303	0.920017197435768	1.2299737523187162	0.0899993468124429	67.92066877745087	0.1700037656548274	0.3899890203948566	0.3600073211340893	-1.0892982836704576e-08	0.1899941029442881	54.71155408880414	16.570129087407263	18.720186928780315	29.53904256893938	-1.0892982836704576e-08	9.32979495830774	35.891238555701726	1.9600142240039584	6.2900463874371	6.720112256539888	0.0099996391023943	25.94967212679744	17.540497386289243	0.1299964844665897	0.0800019247705772	38.28911266303416	0.1599963627194711	1.9900093553412344	54.20948465817779	129.13970518800176	0.709989421554317	5.660169030042495	38.16986565873557	0.1899941029442881	3.199949685739869	15.60036116892631	39.28926518455209	50.498598060129474	5.610163689949896	0.2199972005936865	7.13987072207072	69.36226960691707	222.6900859886003	7.029854310221359	652.7549984922736	19.69048488216432
TCGA-06-5412-01	9.500135874317902	27.639273765824868	3.869983075575552	39.9400401771605	8.300085475262492	222.27370994781657	20.41035424738034	0.3800097970829733	4.8800786553700926	1.1200106621801786	13.840227615319044	61.75040256434565	-1.0892982836704576e-08	35.82909590385976	0.6799873952481095	67.54975550497898	4.120015814480298	7.590052872082246	3.780084261089623	2.419994832541636	113.9918874125372	5.469982723786554	2.79003458187362	39.16961840875071	1.3600310686170571	14.139880018908745	0.8400129963301876	6.449897975441199	40.00099368272669	0.4599876480687464	7.709903964266841	-1.0892982836704576e-08	0.8200261054732233	1.3600310686170571	6.899974011890416	1.0700308231914548	43.800245842708094	22.370653724372225	5.5799085257746	10.17994800529262	22.579413494539075	2.719930298792176	35.86885479472301	10.339972766374792	65.51157725345058	74.51095443849678	14.770045099813032	1.2800262155482685	18.720186928780315	4.120015814480298	1.6100485820975006	2.429915929095501	7.850128293222841	11.670353729289994	1.3399914139149067	1.790043031685128	1.0800250842883663	-1.0892982836704576e-08	31.050692481766696	0.2999926159788371	0.7699985222046803	7.970216980708337	-1.0892982836704576e-08	0.5399998128169408	228.5227026133169	6.160151451639974	25.350513949599005	22.92956503693939	-1.0892982836704576e-08	0.1700037656548274	62.69928084497811	-1.0892982836704576e-08	8.56012268153502	12.959953931845329	-1.0892982836704576e-08	72.93200841718793	1.2100009526937137	56.10176616422624	-1.0892982836704576e-08	44.78885218742781	0.5700147825599464	6.830015188612264	72.65953080700896	133.32367490736604	0.0499985486239811	14.559621185294386	36.72933120257063	2.230014669952708	1.6600551797630465	5.690070297087479	52.2106555534905	97.59837472423762	5.420154035757855	1.4499522078341789	3.189980959236132	57.67103401133906	252.43957423001385	33.941007723782946	815.5323134007697	33.80951297652768
TCGA-BP-4989-01	7.250100652460273	35.009117534081	4.959893548415375	44.89142111727077	3.5900357111672814	115.27113508807102	13.679983106893758	0.0199995176441048	4.729851907278191	0.709989421554317	2.4500501450078733	44.38091458568844	0.0199995176441048	20.969654733432485	0.1599963627194711	35.588999315800805	3.4100124010224424	5.970113533187811	6.939790579485413	3.3400463565424205	62.95185925216981	4.539968408584257	11.040008112345696	10.170073143812802	4.720024598492897	23.85036618878272	10.039783885566012	10.59979090172886	18.62957117618678	0.3399896842354512	5.469982723786554	0.0099996391023943	1.3199721036446743	4.239986821819933	0.9099855024038432	0.319989942599089	19.910085913652445	16.220102798429647	13.000444366174037	5.02984241615285	11.430160742783492	2.870092874910106	28.09903456597279	12.230250460024086	21.19029722705796	20.83057477848925	71.53016335329819	3.460026529240394	13.60998905220357	0.2300056431117058	0.2199972005936865	0.0099996391023943	4.440047493890824	7.769998590241795	0.2000045410595679	0.5000060742414588	1.140000955679887	-1.0892982836704576e-08	16.179676256172264	0.2300056431117058	2.670037072663114	1.169966660228584	-1.0892982836704576e-08	-1.0892982836704576e-08	51.96153826024168	7.379916657989148	26.05059863669056	9.289781790285344	-1.0892982836704576e-08	1.140000955679887	42.949410055709926	-1.0892982836704576e-08	5.990013149351428	20.89999907261322	-1.0892982836704576e-08	25.38920256761657	2.589983808682009	0.0299997415975628	-1.0892982836704576e-08	16.48992021286889	0.0099996391023943	2.619968473111358	34.350471609658214	61.22192211787996	0.3800097970829733	4.210108361952453	11.489741553411504	0.3399896842354512	39.37105200014038	8.670009708628266	40.6889330067454	23.280304619295208	4.619983698177439	1.140000955679887	21.309610226783764	33.80014001125943	222.8908414324173	41.25122413522705	529.8342428965985	18.350168199173567
TCGA-EJ-8468-01	1.6499540875848375	11.010201547942389	1.6699864098582082	28.169240978661	0.9099855024038432	143.3293181717225	3.800055261709892	0.5799959451451767	232.6945804658603	0.7500079057650569	19.70960289289868	55.03867324196041	1.8899352986061493	52.25048013194623	0.930030283491994	64.32811785344848	7.830018737646013	4.460101583452564	18.96048433506532	3.3400463565424205	241.9380776616925	8.010098045690675	16.0601133694115	19.29058800572412	0.9900295632640792	9.859767901461352	1.4999750542458536	35.05039602880781	29.079899726352643	0.709989421554317	10.590242923352392	-1.0892982836704576e-08	3.209949554863814	4.199904531671962	2.280053050768928	179.3820791638436	37.52971837542014	13.26995235015655	16.600020215608325	20.339736326357123	17.900393616571378	3.73993785544238	10.419842387059091	12.909741894439517	57.93145908827464	53.70829949074884	42.49926701093913	4.360123966130953	32.61934194121521	3.2199806638985087	1.4099824073573504	0.1400032186304041	18.2297246140356	12.680029770295636	2.9099700578108	1.6600551797630465	3.9199411815576912	-1.0892982836704576e-08	29.90991211251777	0.4500002067619866	0.370002290777625	0.409997065989814	-1.0892982836704576e-08	-1.0892982836704576e-08	109.78878348302558	1.7000198776065194	19.70004156850237	23.900015313797475	-1.0892982836704576e-08	0.9599944472116856	38.86939868388841	2.329920823549805	10.680186426367264	16.28996319623393	-1.0892982836704576e-08	28.929111931549823	3.6300832317581393	0.7200144109086911	0.060001985048514	46.82052437082406	0.3499895541428852	16.75957803359676	159.69673047684805	166.81339741070275	0.409997065989814	34.44107125280258	17.500419070841424	1.299981096880783	283.53733625017713	19.53008240599645	85.85219978678317	67.05060681655725	11.950336031676557	5.859809724740107	30.62956343979636	290.1379149300544	241.13445819693345	47.83086038949359	553.9828083245472	15.140119775488746
TCGA-CZ-5459-01	6.579968881434147	60.81166882827269	5.109980191743261	55.39845966504253	4.599848655822311	196.7326592703945	9.85020359398616	0.1200017652742898	14.460045956602189	0.3499895541428852	16.97000386189147	126.1230856348915	0.0199995176441048	11.78988415784553	0.3100029133246172	53.61902548853604	1.880000197056386	3.209949554863814	7.500088689485314	6.590012013049302	138.42776972590315	4.0799357582786255	3.6800057415320895	43.79113857662404	4.2700772739439214	10.22025187573985	5.07995610298937	5.699940720014308	14.70976125252619	2.0499609167707646	4.959893548415375	-1.0892982836704576e-08	0.6599898393063933	0.8799914970163208	2.890062905119032	12.46995462921111	32.93058396077461	16.619593561078023	12.040139322184672	5.679823185184588	8.210239411142949	10.32994269122055	8.640010294019406	18.91060627454929	17.790299676456204	31.58032946834693	222.22749402659537	1.790043031685128	16.370334250841335	1.0200121257071937	1.0200121257071937	0.0499985486239811	6.369912397641938	4.939989534434263	4.440047493890824	0.7000066328306926	1.0100119151242848	-1.0892982836704576e-08	32.360352512344534	0.2000045410595679	0.1200017652742898	1.3899783836430508	-1.0892982836704576e-08	-1.0892982836704576e-08	72.1376240123809	1.8600283075878847	18.62957117618678	10.289919581534594	-1.0892982836704576e-08	0.969970924342351	21.4905852973258	-1.0892982836704576e-08	6.879912986216213	10.32994269122055	-1.0892982836704576e-08	44.68961521420224	1.4499522078341789	0.279991812670302	-1.0892982836704576e-08	17.179498590199707	0.0299997415975628	6.179827493159128	66.09999118460728	86.09056569289362	0.0499985486239811	4.920165379004577	9.420129271208078	0.8100147172706595	10.059987433628658	4.819891631989582	103.3278995019282	34.40051033319128	5.329977156198479	0.6900203008692773	27.779487283233376	56.35901146444231	233.69674449999843	139.87455060492192	1062.3906518689134	12.63002664081474
TCGA-56-8305-01	34.610990339605934	24.909809518139653	0.3100029133246172	38.14870510390063	38.67053162952165	62.46070302429092	56.07843853089446	0.5200161508304486	4.740028284289249	0.5799959451451767	3.5900357111672814	32.360352512344534	0.1499978591232875	113.63687904641095	0.1099975701524568	119.32792661541414	0.2900018036094577	13.369671342749658	3.4899023466977965	1.8199609696227488	155.99876007247912	4.789910956828163	2.0400336953974567	19.019720618156896	0.9900295632640792	5.8801569821664526	440.6522391871407	10.590242923352392	15.05013104577697	248.1543933603802	11.030063636722286	2.890062905119032	1.0800250842883663	2.33995954027622	0.940021767145367	12.63002664081474	25.25054927342358	23.169222610334227	5.050108388604325	8.670009708628266	12.299968469708151	0.7500079057650569	4.2700772739439214	8.68023321696654	45.990648349536606	47.6092401211768	108.20224831441296	5.219905334629468	47.2214176460266	0.7200144109086911	0.1899941029442881	0.0299997415975628	7.780239579298284	10.250051525395712	4.969875602842734	3.0599935396453355	2.880060587319219	0.0099996391023943	22.620144215483805	0.1499978591232875	8.089898927028043	0.0700018290491679	-1.0892982836704576e-08	0.0099996391023943	42.24960222239977	26.710702026749665	9.180309912598869	27.260631515820407	-1.0892982836704576e-08	1.620017875479411	81.58784430779188	1.1999699057263682	11.17010505220764	9.219851611509783	-1.0892982836704576e-08	43.53086727699056	5.679823185184588	0.409997065989814	0.4599876480687464	22.980483106823005	0.0299997415975628	0.4700003379150708	90.3269148151177	181.13129695258	0.6499867118277892	8.099999957871695	48.97150200150899	0.4000071874053119	11.34962630779428	7.590052872082246	56.64884093309088	37.709647056512345	9.70986627804411	0.5300059750860837	9.500135874317902	91.1698044364564	299.53799086048485	10.820285595694868	448.1372313467652	15.930387337175558
TCGA-4X-A9FA-01	8.839941408172196	54.14939663285669	3.400096640256784	74.18114092188517	4.749897232848508	140.78889694937698	9.580157775389464	1.8100168883826453	0.7699985222046803	1.1100317151359531	0.729978054906192	34.179462184521974	0.4400151127009332	19.7903758015422	0.7899728059120321	43.20919989824071	0.1800048174105189	61.2813620478417	13.719869464111984	6.879912986216213	65.19899731806787	5.500023247990125	7.34011905849092	21.640071094659582	2.1199344009677805	22.35050390083677	12.170204132487353	5.429932754481593	16.529976003176106	16.519666659694348	4.499857846893556	-1.0892982836704576e-08	4.140059695365509	1.5400353965807263	4.619983698177439	12.830340565391417	43.08956171569563	28.210275695199744	3.979914813705257	6.910026446750082	10.720240966555837	5.509946035404028	31.990128945934885	5.549816496202011	34.210275783662055	31.29920063970765	70.50137729638793	1.920056565797732	31.93916808869592	7.180075844832935	0.7000066328306926	0.1400032186304041	5.02984241615285	18.1000314055344	0.2099978202342263	0.1599963627194711	1.3600310686170571	-1.0892982836704576e-08	39.08012249136688	0.7200144109086911	0.2599960720976136	0.1800048174105189	-1.0892982836704576e-08	-1.0892982836704576e-08	18.620533759336983	12.000143741352066	15.129628387463912	12.60029414415717	-1.0892982836704576e-08	0.5700147825599464	65.4389617543331	0.3100029133246172	8.339882298394338	22.46077447961917	-1.0892982836704576e-08	59.25133075516229	2.260061134249184	10.820285595694868	0.0099996391023943	19.039507140906814	1.709952846495472	0.2999926159788371	34.4506219465813	105.74798456682824	1.7199438181580826	4.619983698177439	27.6507714232282	0.2700066202855875	7.640204121812692	11.200344464386678	45.739492671197816	45.52125121523704	3.84004801930438	13.699911770769509	8.050178640976604	94.37839380366373	194.9813871068829	223.0763147796711	916.1870910046488	29.610794159240807
TCGA-DD-AAW0-01	2.880060587319219	13.6203708701257	0.319989942599089	25.67947531213512	2.1800154653305155	124.19716086819936	7.129978231791265	0.2300056431117058	6.240098581438699	1.3399914139149067	5.289851772350677	330.3371997829071	0.0400009173779441	20.04996824745267	0.1499978591232875	42.27889826026728	0.0700018290491679	1.3799872500586805	2.640028737848038	15.789664734173469	114.5780920127499	2.68992093100514	1.8400132372648688	47.79109150819532	1.2500157909148952	10.709842055827536	639.0556428345683	1.7500253862255073	13.210295141724714	1.1999699057263682	7.820254342853082	-1.0892982836704576e-08	0.8600088668574302	0.8400129963301876	0.2099978202342263	0.920017197435768	27.01046531464328	13.119947503508152	20.10981996822065	3.979914813705257	11.229887239809589	4.339917487527227	5.279959216914228	20.390556553127933	24.84944876495426	21.15067485780459	338.7778500822362	1.299981096880783	26.849927158459263	0.4599876480687464	0.1800048174105189	-1.0892982836704576e-08	7.680031147781082	5.610163689949896	4.8800786553700926	0.1899941029442881	0.7000066328306926	-1.0892982836704576e-08	54.82924443053501	0.2000045410595679	0.2500070864268381	0.3399896842354512	-1.0892982836704576e-08	-1.0892982836704576e-08	50.69851355491391	1.3199721036446743	10.759699810887572	8.709768470061576	-1.0892982836704576e-08	1.4700028074304168	10.05022892614923	-1.0892982836704576e-08	7.230024177332766	19.940471964708795	-1.0892982836704576e-08	27.71025222215015	1.7500253862255073	0.1200017652742898	0.2500070864268381	35.360314488195726	0.060001985048514	25.92989326932809	24.169911936648283	57.77906813358006	0.0700018290491679	5.679823185184588	12.950075464758534	0.370002290777625	1.7000198776065194	4.279858056953247	43.73047184254538	21.599607761963927	12.899901697526468	0.8299882598804061	5.909990901826133	60.16180804629494	323.47166669154427	16.380550406855075	664.072905791582	11.41036920369947
